player_id,name,apps,starts,goals,assists,first_date,last_date
wayne-rooney,Wayne Rooney,177,157,255,55,2005-03-12,2017-05-24
bobby-charlton,Bobby Charlton,11,11,249,0,1957-03-02,1963-05-25
denis-law,Denis Law,3,3,236,0,1963-03-30,1963-05-25
jack-rowley,Jack Rowley,3,3,206,0,1948-02-28,1948-04-24
dennis-viollet,Dennis Viollet,5,5,178,0,1958-03-01,1958-05-03
george-best,George Best,0,0,178,0,,
ryan-giggs,Ryan Giggs,80,58,168,9,1992-03-04,2014-05-06
joe-spence,Joe Spence,0,0,168,0,,
mark-hughes,Mark Hughes,23,23,156,0,1990-05-12,1995-05-20
paul-scholes,Paul Scholes,43,26,155,1,1995-03-12,2011-05-28
ruud-van-nistelrooy,Ruud van Nistelrooy,9,9,150,0,2003-01-07,2005-05-21
stan-pearson,Stan Pearson,3,3,146,0,1948-02-28,1948-04-24
david-herd,David Herd,3,3,145,0,1963-03-30,1963-05-25
cristiano-ronaldo,Cristiano Ronaldo,80,71,143,5,2004-03-06,2022-11-06
marcus-rashford,Marcus Rashford,404,297,138,65,2016-02-25,2024-12-12
tommy-taylor,Tommy Taylor,3,3,129,0,1957-03-02,1957-05-04
brian-mcclair,Brian McClair,23,17,126,0,1990-05-12,1995-05-20
ole-gunnar-solskj-r,Ole Gunnar Solskjær,20,5,126,0,1999-03-03,2007-05-19
andy-cole,Andy Cole,13,13,120,0,1996-03-11,1999-05-26
bruno-fernandes,Bruno Fernandes,314,302,107,103,2020-02-01,2026-05-24
bryan-robson,Bryan Robson,10,10,100,0,1990-05-12,1991-05-15
lou-macari,Lou Macari,0,0,96,0,,
george-wall,George Wall,2,2,93,0,1909-03-27,1909-04-24
sandy-turnbull,Sandy Turnbull,2,2,92,0,1909-03-27,1909-04-24
joe-cassidy,Joe Cassidy,0,0,91,0,,
anthony-martial,Anthony Martial,299,210,90,48,2015-09-12,2023-12-09
david-beckham,David Beckham,16,16,85,0,1996-03-11,2003-03-02
eric-cantona,Eric Cantona,9,9,81,0,1994-02-13,1996-05-11
enoch-west,Enoch West,0,0,81,0,,
frank-stapleton,Frank Stapleton,0,0,77,0,,
steve-coppell,Steve Coppell,0,0,70,0,,
sammy-mcilroy,Sammy McIlroy,0,0,69,0,,
brian-kidd,Brian Kidd,0,0,68,0,,
tommy-reid,Tommy Reid,0,0,67,0,,
stuart-pearson,Stuart Pearson,0,0,66,0,,
dwight-yorke,Dwight Yorke,10,5,65,0,1999-03-03,1999-05-26
norman-whiteside,Norman Whiteside,0,0,64,0,,
charlie-mitten,Charlie Mitten,3,3,61,0,1948-02-28,1948-04-24
bob-donaldson,Bob Donaldson,0,0,60,0,,
robin-van-persie,Robin van Persie,57,49,58,20,2013-08-11,2015-05-17
dimitar-berbatov,Dimitar Berbatov,8,3,56,0,2009-04-07,2010-02-28
albert-quixall,Albert Quixall,3,3,56,0,1963-03-30,1963-05-25
harold-halse,Harold Halse,2,2,56,0,1909-03-27,1909-04-24
jack-peddie,Jack Peddie,0,0,56,0,,
harry-rowley,Harry Rowley,0,0,55,0,,
alex-dawson,Alex Dawson,5,5,54,0,1958-03-01,1958-05-03
tommy-bamford,Tommy Bamford,0,0,54,0,,
frank-mcpherson,Frank McPherson,0,0,52,0,,
jimmy-hanson,Jimmy Hanson,0,0,52,0,,
juan-mata,Juan Mata,276,206,51,46,2014-01-28,2022-05-22
roy-keane,Roy Keane,27,27,51,0,1994-02-13,2005-05-21
billy-whelan,Billy Whelan,3,3,50,0,1957-03-02,1957-05-04
arthur-lochhead,Arthur Lochhead,0,0,50,0,,
gordon-hill,Gordon Hill,0,0,50,0,,
steve-bruce,Steve Bruce,23,23,49,0,1990-05-12,1995-05-20
george-mutch,George Mutch,0,0,48,0,,
teddy-sheringham,Teddy Sheringham,10,0,46,0,1999-03-03,1999-05-26
jack-picken,Jack Picken,0,0,45,0,,
johnny-berry,Johnny Berry,3,3,44,0,1957-03-02,1957-05-04
romelu-lukaku,Romelu Lukaku,93,76,42,13,2017-08-08,2019-04-28
louis-saha,Louis Saha,5,5,42,0,2006-01-11,2009-04-19
billy-bryant,Billy Bryant,0,0,42,0,,
jimmy-turnbull,Jimmy Turnbull,2,2,41,0,1909-03-27,1909-04-24
joe-jordan,Joe Jordan,0,0,41,0,,
tom-manley,Tom Manley,0,0,41,0,,
nani,Nani,26,11,40,5,2008-04-01,2014-08-16
george-anderson,George Anderson,0,0,39,0,,
paul-pogba,Paul Pogba,220,190,37,48,2016-08-19,2022-04-19
javier-hernandez,Javier Hernández,5,5,37,0,2011-04-06,2011-05-28
jimmy-greenhoff,Jimmy Greenhoff,0,0,37,0,,
john-downie,John Downie,0,0,37,0,,
lee-sharpe,Lee Sharpe,21,12,36,0,1991-02-10,1995-05-20
jesse-lingard,Jesse Lingard,219,134,35,18,2014-08-16,2022-04-23
mason-greenwood,Mason Greenwood,121,78,35,10,2019-03-06,2022-01-22
andrei-kanchelskis,Andrei Kanchelskis,9,9,35,0,1992-03-04,1994-05-14
johnny-morris,Johnny Morris,3,3,35,0,1948-02-28,1948-04-24
dick-smith,Dick Smith,0,0,35,0,,
john-connelly,John Connelly,0,0,35,0,,
carlos-tevez,Carlos Tevez,13,8,34,0,2008-04-01,2009-05-27
albert-scanlon,Albert Scanlon,0,0,34,0,,
gordon-strachan,Gordon Strachan,0,0,34,0,,
willie-morgan,Willie Morgan,0,0,34,0,,
denis-irwin,Denis Irwin,29,29,33,0,1991-02-10,1999-05-26
billy-meredith,Billy Meredith,2,2,33,0,1909-03-27,1909-04-24
henry-boyd,Henry Boyd,0,0,32,0,,
colin-webster,Colin Webster,5,5,31,0,1958-03-01,1958-05-03
alf-schofield,Alf Schofield,0,0,31,0,,
william-bryant,William Bryant,0,0,31,0,,
john-aston-sr,John Aston Sr,3,3,30,0,1948-02-28,1948-04-24
scott-mctominay,Scott McTominay,245,163,29,7,2017-05-07,2024-08-24
zlatan-ibrahimovic,Zlatan Ibrahimović,50,41,29,8,2016-08-07,2017-12-26
danny-welbeck,Danny Welbeck,37,24,29,9,2009-01-07,2014-08-30
paul-ince,Paul Ince,23,23,29,0,1990-05-12,1995-05-20
tommy-arkesden,Tommy Arkesden,0,0,29,0,,
david-pegg,David Pegg,3,3,28,0,1957-03-02,1957-05-04
billy-griffiths,Billy Griffiths,0,0,28,0,,
park-ji-sung,Park Ji-sung,16,16,27,0,2006-01-11,2011-05-28
jimmy-delaney,Jimmy Delaney,3,3,27,0,1948-02-28,1948-04-24
billy-johnston,Billy Johnston,0,0,27,0,,
david-sadler,David Sadler,0,0,27,0,,
gerry-daly,Gerry Daly,0,0,27,0,,
john-aston-jr,John Aston Jr,0,0,27,0,,
casemiro,Casemiro,150,130,26,12,2022-08-27,2026-05-17
alejandro-garnacho,Alejandro Garnacho,134,81,26,15,2022-04-28,2025-05-21
rasmus-h-jlund,Rasmus Højlund,91,72,26,6,2023-09-03,2025-05-25
nicky-butt,Nicky Butt,15,12,26,0,1995-03-12,2004-05-22
clayton-blackmore,Clayton Blackmore,9,8,26,0,1990-05-12,1991-05-15
jackie-blanchflower,Jackie Blanchflower,3,3,26,0,1957-03-02,1957-05-04
gordon-mcqueen,Gordon McQueen,0,0,26,0,,
peter-davenport,Peter Davenport,0,0,26,0,,
antonio-valencia,Antonio Valencia,195,168,25,26,2010-01-19,2019-05-12
charlie-rennox,Charlie Rennox,0,0,25,0,,
michael-carrick,Michael Carrick,160,134,24,10,2007-03-10,2018-05-13
darren-fletcher,Darren Fletcher,40,29,24,1,2004-03-06,2015-01-04
charlie-sagar,Charlie Sagar,0,0,24,0,,
kevin-moran,Kevin Moran,0,0,24,0,,
charlie-roberts,Charlie Roberts,2,2,23,0,1909-03-27,1909-04-24
alf-farman,Alf Farman,0,0,23,0,,
jesper-olsen,Jesper Olsen,0,0,23,0,,
jimmy-hanlon,Jimmy Hanlon,0,0,23,0,,
marouane-fellaini,Marouane Fellaini,175,106,22,11,2009-03-07,2019-01-05
chicharito,Chicharito,34,10,22,9,2013-09-01,2015-08-26
jack-allan,Jack Allan,0,0,22,0,,
john-clarkin,John Clarkin,0,0,22,0,,
nemanja-vidic,Nemanja Vidić,60,52,21,0,2006-01-11,2014-05-11
duncan-edwards,Duncan Edwards,3,3,21,0,1957-03-02,1957-05-04
alan-gowling,Alan Gowling,0,0,21,0,,
ronnie-burke,Ronnie Burke,0,0,21,0,,
wilf-woodcock,Wilf Woodcock,0,0,21,0,,
ander-herrera,Ander Herrera,182,133,20,24,2014-08-16,2019-05-05
stanley-gallimore,Stanley Gallimore,0,0,20,0,,
ashley-young,Ashley Young,197,151,19,26,2013-08-26,2020-01-04
edinson-cavani,Edinson Cavani,58,28,19,6,2020-10-24,2022-05-22
bill-rawlings,Bill Rawlings,0,0,19,0,,
warren-bradley,Warren Bradley,0,0,19,0,,
chris-smalling,Chris Smalling,228,210,18,2,2013-08-11,2019-05-12
arnold-muhren,Arnold Mühren,0,0,18,0,,
jack-ball,Jack Ball,0,0,18,0,,
jack-cape,Jack Cape,0,0,18,0,,
nobby-stiles,Nobby Stiles,0,0,18,0,,
teddy-partridge,Teddy Partridge,0,0,18,0,,
harry-maguire,Harry Maguire,258,221,17,10,2019-08-11,2026-05-24
johnny-carey,Johnny Carey,3,3,17,0,1948-02-28,1948-04-24
michael-owen,Michael Owen,3,3,17,0,2010-01-19,2010-02-28
mark-robins,Mark Robins,1,0,17,0,1990-05-12,1990-05-12
bill-henderson,Bill Henderson,0,0,17,0,,
brian-greenhoff,Brian Greenhoff,0,0,17,0,,
diego-forlan,Diego Forlán,0,0,17,0,,
george-sapsford,George Sapsford,0,0,17,0,,
harry-baird,Harry Baird,0,0,17,0,,
jim-brown,Jim Brown,0,0,17,0,,
matthew-gillespie,Matthew Gillespie,0,0,17,0,,
amad-diallo,Amad Diallo,94,62,16,15,2021-02-18,2026-05-24
ernie-goldthorpe,Ernie Goldthorpe,0,0,16,0,,
jimmy-collinson,Jimmy Collinson,0,0,16,0,,
paul-mcgrath,Paul McGrath,0,0,16,0,,
stewart-houston,Stewart Houston,0,0,16,0,,
tom-smith,Tom Smith,0,0,16,0,,
tommy-leigh,Tommy Leigh,0,0,16,0,,
gary-pallister,Gary Pallister,26,26,15,0,1990-05-12,1996-05-11
john-o-shea,John O'Shea,23,19,15,0,2004-03-06,2014-01-22
paddy-crerand,Paddy Crerand,3,3,15,0,1963-03-30,1963-05-25
bill-mckay,Bill McKay,0,0,15,0,,
clem-beddow,Clem Beddow,0,0,15,0,,
jack-smith,Jack Smith,0,0,15,0,,
mickey-thomas,Mickey Thomas,0,0,15,0,,
fred,Fred,199,143,14,17,2018-08-10,2023-06-03
maurice-setters,Maurice Setters,3,3,14,0,1963-03-30,1963-05-25
alex-downie,Alex Downie,0,0,14,0,,
bill-ridding,Bill Ridding,0,0,14,0,,
dick-pegg,Dick Pegg,0,0,14,0,,
neil-dewar,Neil Dewar,0,0,14,0,,
tom-homer,Tom Homer,0,0,14,0,,
henrikh-mkhitaryan,Henrikh Mkhitaryan,60,44,13,7,2016-08-07,2018-01-05
johnny-giles,Johnny Giles,6,6,13,0,1963-03-30,1965-03-31
andy-ritchie,Andy Ritchie,0,0,13,0,,
billy-grassam,Billy Grassam,0,0,13,0,,
harry-thomas,Harry Thomas,0,0,13,0,,
mark-pearson,Mark Pearson,0,0,13,0,,
stephen-preston,Stephen Preston,0,0,13,0,,
antony,Antony,88,56,12,5,2022-09-04,2025-01-19
jadon-sancho,Jadon Sancho,80,55,12,6,2021-08-14,2024-08-10
bryan-mbeumo,Bryan Mbeumo,34,31,12,3,2025-08-17,2026-05-24
benjamin-sesko,Benjamin Šeško,32,19,12,1,2025-08-17,2026-05-03
alan-smith,Alan Smith,4,0,12,0,2007-03-10,2007-05-19
ernie-hine,Ernie Hine,0,0,12,0,,
garry-birtles,Garry Birtles,0,0,12,0,,
hugh-mclenahan,Hugh McLenahan,0,0,12,0,,
ian-storey-moore,Ian Storey-Moore,0,0,12,0,,
james-mcnaught,James McNaught,0,0,12,0,,
remi-moses,Remi Moses,0,0,12,0,,
samuel-hopkinson,Samuel Hopkinson,0,0,12,0,,
neil-webb,Neil Webb,5,5,11,0,1990-05-12,1991-04-21
juan-sebastian-veron,Juan Sebastián Verón,3,3,11,0,2003-01-07,2003-03-02
kieran-richardson,Kieran Richardson,3,0,11,0,2006-01-11,2006-02-26
quinton-fortune,Quinton Fortune,3,0,11,0,2005-03-12,2005-05-21
danny-wallace,Danny Wallace,2,2,11,0,1990-05-12,1990-05-17
dick-duckworth,Dick Duckworth,2,2,11,0,1909-03-27,1909-04-24
ashley-grimes,Ashley Grimes,0,0,11,0,,
eddie-lewis,Eddie Lewis,0,0,11,0,,
william-jackson,William Jackson,0,0,11,0,,
diogo-dalot,Diogo Dalot,235,204,10,16,2018-09-19,2026-05-17
patrice-evra,Patrice Evra,66,63,10,13,2006-01-11,2014-05-11
matheus-cunha,Matheus Cunha,35,31,10,4,2025-08-17,2026-05-17
mikael-silvestre,Mikaël Silvestre,12,12,10,0,2003-01-07,2006-02-26
darron-gibson,Darron Gibson,6,3,10,0,2009-01-07,2010-02-28
alex-bell,Alex Bell,2,2,10,0,1909-03-27,1909-04-24
alan-brazil,Alan Brazil,0,0,10,0,,
alex-robertson,Alex Robertson,0,0,10,0,,
arthur-warburton,Arthur Warburton,0,0,10,0,,
harry-williams,Harry Williams,0,0,10,0,,
jimmy-coupar,Jimmy Coupar,0,0,10,0,,
john-fitzpatrick,John Fitzpatrick,0,0,10,0,,
phil-chisnall,Phil Chisnall,0,0,10,0,,
ray-wilkins,Ray Wilkins,0,0,10,0,,
william-kennedy,William Kennedy,0,0,10,0,,
joshua-zirkzee,Joshua Zirkzee,72,26,9,4,2024-08-16,2026-05-24
daniel-james,Daniel James,69,52,9,8,2019-08-11,2021-08-29
anderson,Anderson,20,7,9,2,2008-04-01,2014-08-30
bill-foulkes,Bill Foulkes,11,11,9,0,1957-03-02,1963-05-25
ronny-johnsen,Ronny Johnsen,10,10,9,0,1999-03-03,1999-05-26
george-stacey,George Stacey,2,2,9,0,1909-03-27,1909-04-24
billy-wrigglesworth,Billy Wrigglesworth,0,0,9,0,,
colin-gibson,Colin Gibson,0,0,9,0,,
david-bain,David Bain,0,0,9,0,,
fred-erentz,Fred Erentz,0,0,9,0,,
george-bissett,George Bissett,0,0,9,0,,
walter-cartwright,Walter Cartwright,0,0,9,0,,
christian-eriksen,Christian Eriksen,101,66,8,17,2022-08-07,2025-05-25
kobbie-mainoo,Kobbie Mainoo,100,70,8,5,2023-01-28,2026-05-24
jonny-evans,Jonny Evans,82,62,8,3,2009-01-07,2025-05-25
rio-ferdinand,Rio Ferdinand,53,51,8,2,2003-01-07,2014-05-11
phil-neville,Phil Neville,10,10,8,0,1996-03-11,2009-04-19
noel-cantwell,Noel Cantwell,3,3,8,0,1963-03-30,1963-05-25
david-bellion,David Bellion,0,0,8,0,,
david-mccreery,David McCreery,0,0,8,0,,
fred-hopkin,Fred Hopkin,0,0,8,0,,
harry-mcshane,Harry McShane,0,0,8,0,,
jack-peden,Jack Peden,0,0,8,0,,
jack-peters,Jack Peters,0,0,8,0,,
jimmy-bannister,Jimmy Bannister,0,0,8,0,,
joe-myerscough,Joe Myerscough,0,0,8,0,,
john-grimwood,John Grimwood,0,0,8,0,,
tom-miller,Tom Miller,0,0,8,0,,
tommy-morrison,Tommy Morrison,0,0,8,0,,
mason-mount,Mason Mount,70,30,7,2,2023-08-14,2026-05-24
memphis-depay,Memphis Depay,50,26,7,3,2015-08-08,2016-11-24
gary-neville,Gary Neville,29,23,7,0,1995-03-12,2010-02-28
david-may,David May,8,8,7,0,1996-03-11,1999-05-22
freddie-goodwin,Freddie Goodwin,5,5,7,0,1958-03-01,1958-05-03
arthur-albiston,Arthur Albiston,0,0,7,0,,
arthur-graham,Arthur Graham,0,0,7,0,,
bob-parkinson,Bob Parkinson,0,0,7,0,,
chris-taylor,Chris Taylor,0,0,7,0,,
eric-sweeney,Eric Sweeney,0,0,7,0,,
francis-burns,Francis Burns,0,0,7,0,,
john-doherty,John Doherty,0,0,7,0,,
lal-hilditch,Lal Hilditch,0,0,7,0,,
mike-duxbury,Mike Duxbury,0,0,7,0,,
ted-buckle,Ted Buckle,0,0,7,0,,
william-stewart,William Stewart,0,0,7,0,,
phil-jones,Phil Jones,153,135,6,5,2013-08-11,2022-05-02
daley-blind,Daley Blind,133,125,6,7,2014-09-14,2018-05-13
shinji-kagawa,Shinji Kagawa,28,21,6,10,2013-08-11,2014-05-11
arthur-whalley,Arthur Whalley,0,0,6,0,,
billy-draycott,Billy Draycott,0,0,6,0,,
billy-hood,Billy Hood,0,0,6,0,,
billy-morgan,Billy Morgan,0,0,6,0,,
caesar-jenkyns,Caesar Jenkyns,0,0,6,0,,
carlo-sartori,Carlo Sartori,0,0,6,0,,
jackie-wassall,Jackie Wassall,0,0,6,0,,
james-peters,James Peters,0,0,6,0,,
jimmy-nicholl,Jimmy Nicholl,0,0,6,0,,
jimmy-nicholson,Jimmy Nicholson,0,0,6,0,,
john-dow,John Dow,0,0,6,0,,
jordi-cruyff,Jordi Cruyff,0,0,6,0,,
karel-poborsky,Karel Poborský,0,0,6,0,,
nobby-lawton,Nobby Lawton,0,0,6,0,,
sammy-mcmillan,Sammy McMillan,0,0,6,0,,
shay-brennan,Shay Brennan,0,0,6,0,,
tommy-boyle,Tommy Boyle,0,0,6,0,,
tommy-meehan,Tommy Meehan,0,0,6,0,,
luke-shaw,Luke Shaw,313,283,5,28,2014-09-27,2026-05-24
adnan-januzaj,Adnan Januzaj,58,28,5,4,2013-08-11,2016-05-10
alexis-sanchez,Alexis Sánchez,45,31,5,9,2018-01-26,2019-05-05
rafael,Rafael,38,33,5,6,2010-01-19,2015-03-15
tom-cleverley,Tom Cleverley,29,23,5,4,2013-08-11,2014-08-24
wes-brown,Wes Brown,23,23,5,0,2003-01-07,2014-01-22
odion-ighalo,Odion Ighalo,21,5,5,1,2020-02-17,2020-12-02
albert-pape,Albert Pape,0,0,5,0,,
alex-forsyth,Alex Forsyth,0,0,5,0,,
arthur-potts,Arthur Potts,0,0,5,0,,
billy-harrison,Billy Harrison,0,0,5,0,,
brian-birch,Brian Birch,0,0,5,0,,
edwin-lee,Edwin Lee,0,0,5,0,,
federico-macheda,Federico Macheda,0,0,5,0,,
frank-mann,Frank Mann,0,0,5,0,,
george-millar,George Millar,0,0,5,0,,
graham-moore,Graham Moore,0,0,5,0,,
harry-leonard,Harry Leonard,0,0,5,0,,
ian-moir,Ian Moir,0,0,5,0,,
jim-holton,Jim Holton,0,0,5,0,,
ted-macdougall,Ted MacDougall,0,0,5,0,,
victor-lindelof,Victor Lindelöf,267,232,4,7,2017-08-08,2025-05-25
nemanja-matic,Nemanja Matić,181,146,4,9,2017-08-08,2022-05-07
andreas-pereira,Andreas Pereira,67,31,4,5,2015-03-15,2020-08-05
anthony-elanga,Anthony Elanga,50,24,4,3,2021-05-11,2023-04-20
patrick-dorgu,Patrick Dorgu,48,35,4,5,2025-02-07,2026-05-24
angel-di-maria,Ángel Di María,32,24,4,11,2014-08-30,2015-05-24
radamel-falcao,Radamel Falcao,29,17,4,5,2014-09-14,2015-05-17
james-wilson,James Wilson,18,5,4,0,2014-05-06,2015-10-04
ernie-taylor,Ernie Taylor,5,5,4,0,1958-03-01,1958-05-03
gabriel-heinze,Gabriel Heinze,4,4,4,0,2007-03-10,2007-05-19
henry-cockburn,Henry Cockburn,3,3,4,0,1948-02-28,1948-04-24
alex-menzies,Alex Menzies,0,0,4,0,,
billy-boyd,Billy Boyd,0,0,4,0,,
billy-toms,Billy Toms,0,0,4,0,,
daniel-hurst,Daniel Hurst,0,0,4,0,,
eddie-green,Eddie Green,0,0,4,0,,
ernie-bond,Ernie Bond,0,0,4,0,,
frank-barson,Frank Barson,0,0,4,0,,
frank-hodges,Frank Hodges,0,0,4,0,,
fred-kennedy,Fred Kennedy,0,0,4,0,,
george-livingstone,George Livingstone,0,0,4,0,,
george-mclachlan,George McLachlan,0,0,4,0,,
george-travers,George Travers,0,0,4,0,,
gilbert-godsmark,Gilbert Godsmark,0,0,4,0,,
giuseppe-rossi,Giuseppe Rossi,0,0,4,0,,
harry-lappin,Harry Lappin,0,0,4,0,,
hubert-redwood,Hubert Redwood,0,0,4,0,,
hugh-morgan,Hugh Morgan,0,0,4,0,,
jimmy-ryan,Jimmy Ryan,0,0,4,0,,
john-gidman,John Gidman,0,0,4,0,,
laurent-blanc,Laurent Blanc,0,0,4,0,,
martin-buchan,Martin Buchan,0,0,4,0,,
nikola-jovanovic,Nikola Jovanović,0,0,4,0,,
peter-barnes,Peter Barnes,0,0,4,0,,
ron-ferrier,Ron Ferrier,0,0,4,0,,
russell-beardsmore,Russell Beardsmore,0,0,4,0,,
steve-james,Steve James,0,0,4,0,,
tom-nuttall,Tom Nuttall,0,0,4,0,,
tommy-fitzsimmons,Tommy Fitzsimmons,0,0,4,0,,
tommy-frame,Tommy Frame,0,0,4,0,,
tommy-jones,Tommy Jones,0,0,4,0,,
viv-anderson,Viv Anderson,0,0,4,0,,
willie-mcdonald,Willie McDonald,0,0,4,0,,
willie-stewart,Willie Stewart,0,0,4,0,,
wyn-davies,Wyn Davies,0,0,4,0,,
lisandro-martinez,Lisandro Martínez,103,88,3,3,2022-08-07,2026-05-24
matthijs-de-ligt,Matthijs de Ligt,54,48,3,0,2024-08-16,2025-11-30
marcel-sabitzer,Marcel Sabitzer,17,11,3,1,2023-02-04,2023-05-07
mike-phelan,Mike Phelan,13,10,3,0,1990-05-12,1992-04-12
allenby-chilton,Allenby Chilton,3,3,3,0,1948-02-28,1948-04-24
adam-carson,Adam Carson,0,0,3,0,,
bob-bonthron,Bob Bonthron,0,0,3,0,,
charles-mackie,Charles Mackie,0,0,3,0,,
charlie-ramsden,Charlie Ramsden,0,0,3,0,,
david-byrne,David Byrne,0,0,3,0,,
dick-black,Dick Black,0,0,3,0,,
dick-wombwell,Dick Wombwell,0,0,3,0,,
dion-dublin,Dion Dublin,0,0,3,0,,
henning-berg,Henning Berg,0,0,3,0,,
henrik-larsson,Henrik Larsson,0,0,3,0,,
jack-grundy,Jack Grundy,0,0,3,0,,
jack-wilson,Jack Wilson,0,0,3,0,,
james-fisher,James Fisher,0,0,3,0,,
james-robinson,James Robinson,0,0,3,0,,
jimmy-bullock,Jimmy Bullock,0,0,3,0,,
joe-norton,Joe Norton,0,0,3,0,,
john-cunningham,John Cunningham,0,0,3,0,,
ralph-milne,Ralph Milne,0,0,3,0,,
ray-bennion,Ray Bennion,0,0,3,0,,
scott-mcgarvey,Scott McGarvey,0,0,3,0,,
william-brooks,William Brooks,0,0,3,0,,
aaron-wan-bissaka,Aaron Wan-Bissaka,178,169,2,12,2019-08-11,2024-05-25
marcos-rojo,Marcos Rojo,116,99,2,3,2014-09-14,2019-11-10
raphael-varane,Raphaël Varane,92,79,2,1,2021-08-29,2024-05-25
manuel-ugarte,Manuel Ugarte,66,43,2,6,2024-09-14,2026-04-13
donny-van-de-beek,Donny van de Beek,55,18,2,1,2020-09-19,2023-09-30
bastian-schweinsteiger,Bastian Schweinsteiger,33,21,2,2,2015-08-08,2017-02-22
wout-weghorst,Wout Weghorst,28,17,2,2,2023-01-18,2023-06-03
alexander-buttner,Alexander Büttner,12,8,2,2,2013-09-28,2014-05-06
paul-parker,Paul Parker,9,9,2,0,1992-03-04,1994-05-14
fabio,Fabio,7,6,2,0,2011-04-06,2014-01-05
owen-hargreaves,Owen Hargreaves,5,5,2,0,2008-04-01,2008-05-21
ronnie-cope,Ronnie Cope,5,5,2,0,1958-03-01,1958-05-03
eddie-colman,Eddie Colman,3,3,2,0,1957-03-02,1957-05-04
john-anderson,John Anderson,3,3,2,0,1948-02-28,1948-04-24
tony-dunne,Tony Dunne,3,3,2,0,1963-03-30,1963-05-25
lee-martin,Lee Martin,2,2,2,0,1990-05-12,1990-05-17
vince-hayes,Vince Hayes,2,2,2,0,1909-03-27,1909-04-24
alex-stepney,Alex Stepney,0,0,2,0,,
arthur-fitton,Arthur Fitton,0,0,2,0,,
bebe,Bébé,0,0,2,0,,
billy-mcglen,Billy McGlen,0,0,2,0,,
charlie-craven,Charlie Craven,0,0,2,0,,
cliff-birkett,Cliff Birkett,0,0,2,0,,
eric-djemba-djemba,Eric Djemba-Djemba,0,0,2,0,,
frank-clempson,Frank Clempson,0,0,2,0,,
frank-harris,Frank Harris,0,0,2,0,,
garth-crooks,Garth Crooks,0,0,2,0,,
george-graham,George Graham,0,0,2,0,,
george-hunter,George Hunter,0,0,2,0,,
george-nicol,George Nicol,0,0,2,0,,
gerard-pique,Gerard Piqué,0,0,2,0,,
herbert-heywood,Herbert Heywood,0,0,2,0,,
herbert-mann,Herbert Mann,0,0,2,0,,
jack-barber,Jack Barber,0,0,2,0,,
jack-doughty,Jack Doughty,0,0,2,0,,
jack-silcock,Jack Silcock,0,0,2,0,,
jack-warner,Jack Warner,0,0,2,0,,
james-carman,James Carman,0,0,2,0,,
jimmy-hodge,Jimmy Hodge,0,0,2,0,,
jordi-cruijff,Jordi Cruijff,0,0,2,0,,
jose-kleberson,José Kléberson,0,0,2,0,,
keith-gillespie,Keith Gillespie,0,0,2,0,,
ken-macdonald,Ken MacDonald,0,0,2,0,,
liam-miller,Liam Miller,0,0,2,0,,
liam-o-brien,Liam O'Brien,0,0,2,0,,
luke-chadwick,Luke Chadwick,0,0,2,0,,
mick-martin,Mick Martin,0,0,2,0,,
mickey-hamill,Mickey Hamill,0,0,2,0,,
neil-mcbain,Neil McBain,0,0,2,0,,
patrick-o-connell,Patrick O'Connell,0,0,2,0,,
proctor-hall,Proctor Hall,0,0,2,0,,
rees-williams,Rees Williams,0,0,2,0,,
rimmer-brown,Rimmer Brown,0,0,2,0,,
sam-blott,Sam Blott,0,0,2,0,,
sidney-evans,Sidney Evans,0,0,2,0,,
ted-connor,Ted Connor,0,0,2,0,,
tony-gill,Tony Gill,0,0,2,0,,
trevor-anderson,Trevor Anderson,0,0,2,0,,
walter-mcmillen,Walter McMillen,0,0,2,0,,
wilf-mcguinness,Wilf McGuinness,0,0,2,0,,
will-davidson,Will Davidson,0,0,2,0,,
william-hunter,William Hunter,0,0,2,0,,
william-mathieson,William Mathieson,0,0,2,0,,
eric-bailly,Eric Bailly,110,96,1,1,2016-08-07,2021-12-30
matteo-darmian,Matteo Darmian,86,70,1,1,2015-08-08,2019-04-24
leny-yoro,Leny Yoro,65,40,1,2,2024-12-04,2026-05-24
alex-telles,Alex Telles,48,40,1,7,2020-10-20,2022-05-22
morgan-schneiderlin,Morgan Schneiderlin,45,35,1,2,2015-08-08,2016-11-19
brandon-williams,Brandon Williams,43,25,1,1,2019-10-03,2021-05-23
peter-schmeichel,Peter Schmeichel,24,24,1,0,1992-03-04,1999-05-26
hannibal,Hannibal,11,3,1,0,2021-05-23,2024-01-08
jaap-stam,Jaap Stam,10,5,1,0,1999-03-03,1999-05-26
jesper-blomqvist,Jesper Blomqvist,5,5,1,0,1999-03-03,1999-05-26
nick-powell,Nick Powell,2,0,1,0,2015-12-08,2015-12-12
josh-harrop,Josh Harrop,1,1,1,0,2017-05-21,2017-05-21
alan-davies,Alan Davies,0,0,1,0,,
albert-kinsey,Albert Kinsey,0,0,1,0,,
albert-smith,Albert Smith,0,0,1,0,,
alfred-ambler,Alfred Ambler,0,0,1,0,,
arthur-beadsworth,Arthur Beadsworth,0,0,1,0,,
arthur-hooper,Arthur Hooper,0,0,1,0,,
arthur-thomson,Arthur Thomson,0,0,1,0,,
bill-bainbridge,Bill Bainbridge,0,0,1,0,,
bill-berry,Bill Berry,0,0,1,0,,
bill-inglis,Bill Inglis,0,0,1,0,,
bill-owen,Bill Owen,0,0,1,0,,
billy-goodwin,Billy Goodwin,0,0,1,0,,
billy-richards,Billy Richards,0,0,1,0,,
charles-rothwell,Charles Rothwell,0,0,1,0,,
charlie-radford,Charlie Radford,0,0,1,0,,
charlie-richards,Charlie Richards,0,0,1,0,,
chris-eagles,Chris Eagles,0,0,1,0,,
chris-mcgrath,Chris McGrath,0,0,1,0,,
craig,Craig,0,0,1,0,,
deiniol-graham,Deiniol Graham,0,0,1,0,,
dick-gardner,Dick Gardner,0,0,1,0,,
don-givens,Don Givens,0,0,1,0,,
edward-holt,Edward Holt,0,0,1,0,,
erik-nevland,Erik Nevland,0,0,1,0,,
ernest-payne,Ernest Payne,0,0,1,0,,
ernest-vincent,Ernest Vincent,0,0,1,0,,
ernie-thompson,Ernie Thompson,0,0,1,0,,
fabio-pereira-da-silva,Fábio Pereira da Silva,0,0,1,0,,
foley,Foley,0,0,1,0,,
frank-knowles,Frank Knowles,0,0,1,0,,
frank-wedge,Frank Wedge,0,0,1,0,,
gabriel-obertan,Gabriel Obertan,0,0,1,0,,
george-gladwin,George Gladwin,0,0,1,0,,
george-vose,George Vose,0,0,1,0,,
henry-topping,Henry Topping,0,0,1,0,,
ian-ure,Ian Ure,0,0,1,0,,
jack-griffiths,Jack Griffiths,0,0,1,0,,
jackie-sheldon,Jackie Sheldon,0,0,1,0,,
james-bain,James Bain,0,0,1,0,,
james-brown,James Brown,0,0,1,0,,
james-hendry,James Hendry,0,0,1,0,,
james-higson,James Higson,0,0,1,0,,
james-miller,James Miller,0,0,1,0,,
james-montgomery,James Montgomery,0,0,1,0,,
james-thomson,James Thomson,0,0,1,0,,
james-vance,James Vance,0,0,1,0,,
jimmy-mcclelland,Jimmy McClelland,0,0,1,0,,
john-aitken,John Aitken,0,0,1,0,,
john-ferguson,John Ferguson,0,0,1,0,,
john-fitchett,John Fitchett,0,0,1,0,,
john-mccartney,John McCartney,0,0,1,0,,
john-siveb-k,John Sivebæk,0,0,1,0,,
john-wood,John Wood,0,0,1,0,,
kieran-lee,Kieran Lee,0,0,1,0,,
laurie-cunningham,Laurie Cunningham,0,0,1,0,,
lawrence-smith,Lawrence Smith,0,0,1,0,,
len-bradbury,Len Bradbury,0,0,1,0,,
mame-biram-diouf,Mame Biram Diouf,0,0,1,0,,
mark-jones,Mark Jones,0,0,1,0,,
paul-edwards,Paul Edwards,0,0,1,0,,
peter-coyne,Peter Coyne,0,0,1,0,,
reg-chester,Reg Chester,0,0,1,0,,
reg-halton,Reg Halton,0,0,1,0,,
robert-stephenson,Robert Stephenson,0,0,1,0,,
sandy-robertson,Sandy Robertson,0,0,1,0,,
simon-davies,Simon Davies,0,0,1,0,,
stewart-chalmers,Stewart Chalmers,0,0,1,0,,
stockport-smith,Stockport Smith,0,0,1,0,,
sylvan-ebanks-blake,Sylvan Ebanks-Blake,0,0,1,0,,
terry-cooke,Terry Cooke,0,0,1,0,,
terry-gibson,Terry Gibson,0,0,1,0,,
tom-harris,Tom Harris,0,0,1,0,,
tommy-lang,Tommy Lang,0,0,1,0,,
tony-young,Tony Young,0,0,1,0,,
unknown,unknown,0,0,1,0,,
william-campbell,William Campbell,0,0,1,0,,
william-mccartney,William McCartney,0,0,1,0,,
william-robertson,William Robertson,0,0,1,0,,
williams,Williams,0,0,1,0,,
david-de-gea,David de Gea,453,453,0,2,2013-08-11,2023-06-03
andre-onana,André Onana,100,100,0,0,2023-08-14,2025-08-27
noussair-mazraoui,Noussair Mazraoui,74,62,0,2,2024-08-16,2026-05-24
sergio-romero,Sergio Romero,52,52,0,0,2015-08-08,2020-08-10
tyrell-malacia,Tyrell Malacia,46,30,0,0,2022-08-07,2026-05-24
axel-tuanzebe,Axel Tuanzebe,33,17,0,0,2017-01-29,2021-05-26
senne-lammens,Senne Lammens,33,33,0,0,2025-10-04,2026-05-24
timothy-fosu-mensah,Timothy Fosu-Mensah,29,11,0,1,2016-02-28,2020-12-08
sofyan-amrabat,Sofyan Amrabat,28,16,0,0,2023-09-23,2024-05-25
paddy-mcnair,Paddy McNair,27,18,0,0,2014-09-27,2016-03-02
ayden-heaven,Ayden Heaven,24,15,0,1,2025-03-02,2026-05-03
dean-henderson,Dean Henderson,24,23,0,0,2020-11-04,2022-02-04
edwin-van-der-sar,Edwin van der Sar,22,22,0,0,2006-01-11,2011-05-28
facundo-pellistri,Facundo Pellistri,22,3,0,1,2023-01-28,2024-08-10
tahith-chong,Tahith Chong,15,3,0,2,2019-01-05,2020-08-05
altay-bay-nd-r,Altay Bayındır,14,14,0,0,2024-01-28,2025-09-27
cameron-borthwick-jackson,Cameron Borthwick-Jackson,14,9,0,1,2015-11-07,2016-05-17
sergio-reguilon,Sergio Reguilón,12,7,0,0,2021-01-06,2023-12-30
toby-collyer,Toby Collyer,12,2,0,0,2024-08-10,2025-03-16
tyler-blackett,Tyler Blackett,12,7,0,0,2014-08-16,2015-05-17
guillermo-varela,Guillermo Varela,11,10,0,1,2015-12-05,2016-03-17
les-sealey,Les Sealey,11,11,0,0,1990-05-17,1994-03-27
willy-kambwala,Willy Kambwala,10,3,0,0,2023-12-23,2024-05-12
angel-gomes,Angel Gomes,9,3,0,0,2017-05-21,2020-01-11
chido-obi,Chido Obi,8,1,0,0,2025-02-16,2025-05-25
velibor-vasovic,Velibor Vasović,8,8,0,0,1966-02-02,1969-05-15
zinedine-zidane,Zinedine Zidane,8,8,0,0,1997-03-05,2002-04-30
harry-amass,Harry Amass,7,4,0,0,2025-03-16,2025-05-11
omari-forson,Omari Forson,7,1,0,1,2024-01-08,2024-05-12
claude-makelele,Claude Makélélé,6,6,0,0,2002-04-02,2005-01-26
fernando-hierro,Fernando Hierro,6,6,0,0,1998-03-04,2002-04-30
fernando-morientes,Fernando Morientes,6,6,0,0,1998-03-04,2002-04-30
james-garner,James Garner,6,3,0,0,2019-02-27,2019-12-12
jermaine-pennant,Jermaine Pennant,6,6,0,0,2007-04-04,2011-04-16
raul,Raúl,6,6,0,0,1998-03-04,2002-04-30
roberto-carlos,Roberto Carlos,6,6,0,0,1998-03-04,2002-04-30
roy-carroll,Roy Carroll,6,3,0,0,2004-03-06,2005-05-21
boudewijn-zenden,Boudewijn Zenden,5,5,0,0,2004-12-01,2007-05-02
gaizka-mendieta,Gaizka Mendieta,5,5,0,0,2000-04-04,2004-12-01
harry-gregg,Harry Gregg,5,5,0,0,1958-03-01,1958-05-03
ian-greaves,Ian Greaves,5,5,0,0,1958-03-01,1958-05-03
shola-shoretire,Shola Shoretire,5,0,0,0,2021-02-21,2022-05-22
stan-crowther,Stan Crowther,5,5,0,0,1958-03-01,1958-05-03
tim-howard,Tim Howard,5,5,0,0,2004-03-06,2009-04-19
alen-boksic,Alen Bokšić,4,4,0,0,1997-03-05,1997-04-23
alessandro-del-piero,Alessandro Del Piero,4,0,0,0,1997-03-05,1997-04-23
alessio-tacchinardi,Alessio Tacchinardi,4,0,0,0,1997-03-05,1997-04-23
alfio-fontana,Alfio Fontana,4,4,0,0,1958-01-14,1958-05-14
alvaro-arbeloa,Álvaro Arbeloa,4,0,0,0,2007-04-04,2007-05-02
angelo-di-livio,Angelo Di Livio,4,4,0,0,1997-03-05,1997-04-23
angelo-peruzzi,Angelo Peruzzi,4,4,0,0,1997-03-05,1997-04-23
barry-hulshoff,Barry Hulshoff,4,4,0,0,1969-02-26,1969-05-15
bennie-muller,Bennie Muller,4,0,0,0,1969-02-26,1969-05-15
bernardo-silva,Bernardo Silva,4,1,0,0,2019-12-18,2020-12-23
bobby-moore,Bobby Moore,4,4,0,0,1964-02-29,1964-03-14
branko-rasovic,Branko Rašović,4,4,0,0,1966-02-02,1966-04-20
cesar-sanchez,César Sánchez,4,4,0,0,2002-04-02,2002-04-30
cesare-maldini,Cesare Maldini,4,4,0,0,1958-01-14,1958-05-14
christian-vieri,Christian Vieri,4,4,0,0,1997-03-05,1997-04-23
ciro-ferrara,Ciro Ferrara,4,4,0,0,1997-03-05,1997-04-23
clarence-seedorf,Clarence Seedorf,4,4,0,0,1998-03-04,2003-04-23
daniel-agger,Daniel Agger,4,4,0,0,2007-04-04,2007-05-02
david-silva,David Silva,4,4,0,0,2019-12-18,2020-12-23
didier-deschamps,Didier Deschamps,4,4,0,0,1997-03-05,1997-04-23
dirk-kuyt,Dirk Kuyt,4,4,0,0,2007-04-04,2007-05-02
eddie-bovington,Eddie Bovington,4,4,0,0,1964-02-29,1964-03-14
ernesto-cucchiaroni,Ernesto Cucchiaroni,4,4,0,0,1958-01-14,1958-05-14
ernesto-grillo,Ernesto Grillo,4,4,0,0,1958-01-14,1958-05-14
eros-beraldo,Eros Beraldo,4,4,0,0,1958-01-14,1958-05-14
fahrudin-jusufi,Fahrudin Jusufi,4,4,0,0,1966-02-02,1966-04-20
fernandinho,Fernandinho,4,4,0,0,2019-12-18,2020-12-23
flavio-conceicao,Flávio Conceição,4,0,0,0,2002-04-02,2002-04-30
geoff-hurst,Geoff Hurst,4,4,0,0,1964-02-29,1964-03-14
gert-bals,Gert Bals,4,4,0,0,1969-02-26,1969-05-15
giancarlo-danova,Giancarlo Danova,4,4,0,0,1958-01-14,1958-05-14
harry-kewell,Harry Kewell,4,0,0,0,2007-04-04,2007-05-02
henk-groot,Henk Groot,4,4,0,0,1969-02-26,1969-05-15
iker-casillas,Iker Casillas,4,0,0,0,2002-04-02,2002-04-30
ilkay-gundogan,İlkay Gündoğan,4,3,0,0,2019-12-18,2020-12-23
inge-danielsson,Inge Danielsson,4,4,0,0,1969-02-26,1969-05-15
ivan-helguera,Iván Helguera,4,4,0,0,2002-04-02,2002-04-30
jack-burkett,Jack Burkett,4,4,0,0,1964-02-29,1964-03-14
jamie-carragher,Jamie Carragher,4,4,0,0,2007-04-04,2007-05-02
javier-mascherano,Javier Mascherano,4,4,0,0,2007-04-04,2007-05-02
jim-standen,Jim Standen,4,4,0,0,1964-02-29,1964-03-14
jocelyn-angloma,Jocelyn Angloma,4,4,0,0,2000-04-04,2001-04-18
johan-cruyff,Johan Cruyff,4,4,0,0,1969-02-26,1969-05-15
john-arne-riise,John Arne Riise,4,4,0,0,2007-04-04,2007-05-02
john-bond,John Bond,4,4,0,0,1964-02-29,1964-03-14
john-carew,John Carew,4,2,0,0,2001-04-03,2011-04-16
john-sissons,John Sissons,4,4,0,0,1964-02-29,1964-03-14
johnny-byrne,Johnny Byrne,4,4,0,0,1964-02-29,1964-03-14
josip-pirmajer,Josip Pirmajer,4,4,0,0,1966-02-02,1966-04-20
juan-alberto-schiaffino,Juan Alberto Schiaffino,4,4,0,0,1958-01-14,1958-05-14
ken-brown,Ken Brown,4,4,0,0,1964-02-29,1964-03-14
kevin-de-bruyne,Kevin De Bruyne,4,1,0,0,2019-12-18,2020-12-23
kily-gonzalez,Kily González,4,4,0,0,2000-04-04,2001-04-18
klaas-nuninga,Klaas Nuninga,4,0,0,0,1969-02-26,1969-05-15
kyle-walker,Kyle Walker,4,4,0,0,2019-12-18,2020-12-23
ljubomir-mihajlovic,Ljubomir Mihajlović,4,4,0,0,1966-02-02,1966-04-20
luigi-radice,Luigi Radice,4,4,0,0,1958-01-14,1958-05-14
luis-figo,Luís Figo,4,4,0,0,2002-04-02,2002-04-30
mane-bajic,Mane Bajić,4,4,0,0,1966-02-02,1966-04-20
mario-bergamaschi,Mario Bergamaschi,4,4,0,0,1958-01-14,1958-05-14
mark-iuliano,Mark Iuliano,4,4,0,0,1997-03-05,1997-04-23
mauricio-pellegrino,Mauricio Pellegrino,4,4,0,0,2000-04-04,2001-04-18
michel-salgado,Míchel Salgado,4,4,0,0,2002-04-02,2002-04-30
milan-galic,Milan Galić,4,4,0,0,1966-02-02,1966-04-20
milutin-soskic,Milutin Šoškić,4,4,0,0,1966-02-02,1966-04-20
miroslav-ukic,Miroslav Đukić,4,2,0,0,2000-04-04,2001-04-18
mustafa-hasanagic,Mustafa Hasanagić,4,4,0,0,1966-02-02,1966-04-20
narciso-soldan,Narciso Soldan,4,4,0,0,1958-01-14,1958-05-14
nicola-amoruso,Nicola Amoruso,4,0,0,0,1997-03-05,1997-04-23
nils-liedholm,Nils Liedholm,4,4,0,0,1958-01-14,1958-05-14
oleksandr-zinchenko,Oleksandr Zinchenko,4,4,0,0,2019-12-18,2020-12-23
paolo-montero,Paolo Montero,4,4,0,0,1997-03-05,1997-04-23
pepe-reina,Pepe Reina,4,4,0,0,2007-04-04,2007-05-02
peter-brabrook,Peter Brabrook,4,4,0,0,1964-02-29,1964-03-14
peter-crouch,Peter Crouch,4,0,0,0,2007-04-04,2007-05-02
piet-keizer,Piet Keizer,4,4,0,0,1969-02-26,1969-05-15
radoslav-becejac,Radoslav Bečejac,4,4,0,0,1966-02-02,1966-04-20
raheem-sterling,Raheem Sterling,4,4,0,0,2019-12-18,2020-12-23
ronnie-boyce,Ronnie Boyce,4,4,0,0,1964-02-29,1964-03-14
santiago-canizares,Santiago Cañizares,4,4,0,0,2000-04-04,2001-04-18
santiago-solari,Santiago Solari,4,4,0,0,2002-04-02,2002-04-30
sergio-aguero,Sergio Agüero,4,4,0,0,2019-12-18,2020-12-23
sergio-porrini,Sergio Porrini,4,4,0,0,1997-03-05,1997-04-23
shea-lacey,Shea Lacey,4,0,0,0,2025-12-21,2026-05-24
sjaak-swart,Sjaak Swart,4,4,0,0,1969-02-26,1969-05-15
steve-finnan,Steve Finnan,4,4,0,0,2007-04-04,2007-05-02
steve-mcmanaman,Steve McManaman,4,0,0,0,2002-04-02,2002-04-30
steven-gerrard,Steven Gerrard,4,4,0,0,2007-04-04,2007-05-02
theo-van-duivenbode,Theo van Duivenbode,4,4,0,0,1969-02-26,1969-05-15
ton-pronk,Ton Pronk,4,4,0,0,1969-02-26,1969-05-15
tyler-fredricson,Tyler Fredricson,4,3,0,0,2025-04-20,2025-12-26
vladimir-jugovic,Vladimir Jugović,4,4,0,0,1997-03-05,1997-04-23
vladimir-kovacevic,Vladimir Kovačević,4,4,0,0,1966-02-02,1966-04-20
wim-suurbier,Wim Suurbier,4,4,0,0,1969-02-26,1969-05-15
xabi-alonso,Xabi Alonso,4,4,0,0,2007-04-04,2007-05-02
alan-peacock,Alan Peacock,3,3,0,0,1965-03-10,1965-03-31
albert-johanneson,Albert Johanneson,3,3,0,0,1965-03-10,1965-03-31
ben-foster,Ben Foster,3,3,0,0,2009-01-07,2009-03-01
billy-bremner,Billy Bremner,3,3,0,0,1965-03-10,1965-03-31
bobby-collins,Bobby Collins,3,3,0,0,1965-03-10,1965-03-31
claudio-bravo,Claudio Bravo,3,3,0,0,2020-01-07,2020-12-23
david-gaskell,David Gaskell,3,3,0,0,1963-03-30,1963-05-25
ethan-wheatley,Ethan Wheatley,3,0,0,0,2024-04-24,2024-05-12
fabien-barthez,Fabien Barthez,3,3,0,0,2003-01-07,2003-03-02
gabriel-jesus,Gabriel Jesus,3,0,0,0,2020-01-07,2020-12-23
gary-sprake,Gary Sprake,3,3,0,0,1965-03-10,1965-03-31
glen-johnson,Glen Johnson,3,1,0,0,2005-01-12,2008-03-08
jack-charlton,Jack Charlton,3,3,0,0,1965-03-10,1965-03-31
jack-crompton,Jack Crompton,3,3,0,0,1948-02-28,1948-04-24
jack-fletcher,Jack Fletcher,3,0,0,0,2025-12-21,2025-12-30
jim-storrie,Jim Storrie,3,3,0,0,1965-03-10,1965-03-31
john-stones,John Stones,3,3,0,0,2020-01-07,2020-12-23
norman-hunter,Norman Hunter,3,3,0,0,1965-03-10,1965-03-31
paul-reaney,Paul Reaney,3,3,0,0,1965-03-10,1965-03-31
phil-foden,Phil Foden,3,3,0,0,2020-01-07,2020-12-23
ray-wood,Ray Wood,3,3,0,0,1957-03-02,1957-05-04
rodri,Rodri,3,3,0,0,2020-01-07,2020-12-23
roger-byrne,Roger Byrne,3,3,0,0,1957-03-02,1957-05-04
sulley-muntari,Sulley Muntari,3,1,0,0,2008-03-08,2010-04-07
tomasz-kuszczak,Tomasz Kuszczak,3,3,0,0,2010-01-19,2010-02-28
wilfried-zaha,Wilfried Zaha,3,1,0,0,2013-08-11,2013-12-15
willie-bell,Willie Bell,3,3,0,0,1965-03-10,1965-03-31
adam-johnson,Adam Johnson,2,2,0,0,2014-01-07,2014-01-22
adrian-ilie,Adrian Ilie,2,0,0,0,2000-04-04,2000-04-19
alessandro-costacurta,Alessandro Costacurta,2,2,0,0,2003-04-08,2003-04-23
alessandro-nesta,Alessandro Nesta,2,2,0,0,2003-04-08,2003-04-23
amedeo-carboni,Amedeo Carboni,2,2,0,0,2001-04-03,2001-04-18
anders-lindegaard,Anders Lindegaard,2,2,0,0,2014-01-05,2014-04-05
andrea-pirlo,Andrea Pirlo,2,2,0,0,2003-04-08,2003-04-23
andriy-shevchenko,Andriy Shevchenko,2,2,0,0,2003-04-08,2003-04-23
andy-wilkinson,Andy Wilkinson,2,2,0,0,2011-03-12,2011-04-16
antolin-alcaraz,Antolín Alcaraz,2,2,0,0,2013-03-10,2013-04-01
antonio-frasco,António Frasco,2,2,0,0,1984-04-11,1984-04-25
antonio-sousa,António Sousa,2,2,0,0,1984-04-11,1984-04-25
arouna-kone,Arouna Koné,2,2,0,0,2013-03-10,2013-04-01
ben-watson,Ben Watson,2,0,0,0,2013-03-10,2013-04-01
billy-austin,Billy Austin,2,2,0,0,1926-03-06,1926-03-27
bodo-illgner,Bodo Illgner,2,2,0,0,1998-03-04,1998-03-18
callum-mcmanaman,Callum McManaman,2,2,0,0,2013-03-10,2013-04-01
charlie-pringle,Charlie Pringle,2,2,0,0,1926-03-06,1926-03-27
christian-karembeu,Christian Karembeu,2,2,0,0,1998-03-04,1998-03-18
christian-panucci,Christian Panucci,2,2,0,0,1998-03-04,1998-03-18
claudio-lopez,Claudio López,2,2,0,0,2000-04-04,2000-04-19
craig-gardner,Craig Gardner,2,0,0,0,2014-01-07,2014-01-22
cristian-chivu,Cristian Chivu,2,2,0,0,2010-03-30,2010-04-07
damien-duff,Damien Duff,2,2,0,0,2005-01-12,2005-01-26
dan-gosling,Dan Gosling,2,0,0,0,2009-03-07,2009-04-19
danny-pugh,Danny Pugh,2,0,0,0,2011-03-12,2011-04-16
david-albelda,David Albelda,2,0,0,0,2001-04-03,2001-04-18
davor-suker,Davor Šuker,2,0,0,0,1998-03-04,1998-03-18
dean-whitehead,Dean Whitehead,2,0,0,0,2011-03-12,2011-04-16
dejan-stankovic,Dejan Stanković,2,0,0,0,2010-03-30,2010-04-07
dida,Dida,2,2,0,0,2003-04-08,2003-04-23
didier-drogba,Didier Drogba,2,2,0,0,2005-01-12,2005-01-26
diego-milito,Diego Milito,2,2,0,0,2010-03-30,2010-04-07
don-heath,Don Heath,2,2,0,0,1969-12-03,1969-12-17
don-rogers,Don Rogers,2,2,0,0,1969-12-03,1969-12-17
donald-love,Donald Love,2,1,0,0,2016-02-13,2016-02-18
eduardo-luis,Eduardo Luís,2,2,0,0,1984-04-11,1984-04-25
ei-ur-gu-johnsen,Eiður Guðjohnsen,2,0,0,0,2005-01-12,2005-01-26
emanuele-giaccherini,Emanuele Giaccherini,2,0,0,0,2014-01-07,2014-01-22
emmerson-boyce,Emmerson Boyce,2,2,0,0,2013-03-10,2013-04-01
esteban-cambiasso,Esteban Cambiasso,2,2,0,0,2010-03-30,2010-04-07
ethan-laird,Ethan Laird,2,1,0,0,2019-11-28,2019-12-12
eurico-gomes,Eurico Gomes,2,2,0,0,1984-04-11,1984-04-25
fabio-borini,Fabio Borini,2,2,0,0,2014-01-07,2014-01-22
fernando-gomes,Fernando Gomes,2,2,0,0,1984-04-11,1984-04-25
fernando-redondo,Fernando Redondo,2,2,0,0,1998-03-04,1998-03-18
filippo-inzaghi,Filippo Inzaghi,2,2,0,0,2003-04-08,2003-04-23
frank-burrows,Frank Burrows,2,2,0,0,1969-12-03,1969-12-17
frank-lampard,Frank Lampard,2,2,0,0,2005-01-12,2005-01-26
frank-roberts,Frank Roberts,2,2,0,0,1926-03-06,1926-03-27
gennaro-gattuso,Gennaro Gattuso,2,2,0,0,2003-04-08,2003-04-23
george-hicks,George Hicks,2,2,0,0,1926-03-06,1926-03-27
gerard-lopez,Gerard López,2,2,0,0,2000-04-04,2000-04-19
gerardo-garcia-leon,Gerardo García León,2,2,0,0,2000-04-04,2000-04-19
glenn-whelan,Glenn Whelan,2,2,0,0,2011-03-12,2011-04-16
goran-pandev,Goran Pandev,2,2,0,0,2010-03-30,2010-04-07
harry-moger,Harry Moger,2,2,0,0,1909-03-27,1909-04-24
jack-colback,Jack Colback,2,2,0,0,2014-01-07,2014-01-22
jaime-magalhaes,Jaime Magalhães,2,2,0,0,1984-04-11,1984-04-25
jaime-pacheco,Jaime Pacheco,2,2,0,0,1984-04-11,1984-04-25
jaime-sanchez,Jaime Sánchez,2,0,0,0,1998-03-04,1998-03-18
james-mcarthur,James McArthur,2,2,0,0,2013-03-10,2013-04-01
james-mccarthy,James McCarthy,2,2,0,0,2013-03-10,2013-04-01
james-vaughan,James Vaughan,2,0,0,0,2009-03-07,2009-04-19
javier-farinos,Javier Farinós,2,2,0,0,2000-04-04,2000-04-19
javier-zanetti,Javier Zanetti,2,2,0,0,2010-03-30,2010-04-07
jim-goodchild,Jim Goodchild,2,2,0,0,1926-03-06,1926-03-27
jimmy-mcmullan,Jimmy McMullan,2,2,0,0,1926-03-06,1926-03-27
jiri-jarosik,Jiří Jarošík,2,2,0,0,2005-01-12,2005-01-26
joao-pinto,João Pinto,2,2,0,0,1984-04-11,1984-04-25
joe-butler,Joe Butler,2,2,0,0,1969-12-03,1969-12-17
joe-cole,Joe Cole,2,2,0,0,2005-01-12,2005-01-26
joe-riley,Joe Riley,2,1,0,0,2016-02-22,2016-02-25
joel-pereira,Joel Pereira,2,1,0,0,2017-01-29,2017-05-21
joel-robles,Joel Robles,2,2,0,0,2013-03-10,2013-04-01
john-smith,John Smith,2,2,0,0,1969-12-03,1969-12-17
john-terry,John Terry,2,2,0,0,2005-01-12,2005-01-26
john-trollope,John Trollope,2,2,0,0,1969-12-03,1969-12-17
joleon-lescott,Joleon Lescott,2,2,0,0,2009-03-07,2009-04-19
jonathan-walters,Jonathan Walters,2,2,0,0,2011-03-12,2011-04-16
jordi-gomez,Jordi Gómez,2,2,0,0,2013-03-10,2013-04-01
jose-amavisca,José Amavisca,2,0,0,0,1998-03-04,1998-03-18
jose-costa,José Costa,2,0,0,0,1984-04-11,1984-04-25
joseph-yobo,Joseph Yobo,2,2,0,0,2009-03-07,2009-04-19
juan-sanchez,Juan Sánchez,2,2,0,0,2001-04-03,2001-04-18
julio-cesar,Júlio César,2,2,0,0,2010-03-30,2010-04-07
kakha-kaladze,Kakha Kaladze,2,2,0,0,2003-04-08,2003-04-23
kenwyne-jones,Kenwyne Jones,2,2,0,0,2011-03-12,2011-04-16
ki-sung-yueng,Ki Sung-Yueng,2,2,0,0,2014-01-07,2014-01-22
lars-jacobsen,Lars Jacobsen,2,0,0,0,2009-03-07,2009-04-19
lee-cattermole,Lee Cattermole,2,2,0,0,2014-01-07,2014-01-22
leighton-baines,Leighton Baines,2,2,0,0,2009-03-07,2009-04-19
leon-osman,Leon Osman,2,2,0,0,2009-03-07,2009-04-19
lima-pereira,Lima Pereira,2,2,0,0,1984-04-11,1984-04-25
lucio,Lúcio,2,2,0,0,2010-03-30,2010-04-07
maicon,Maicon,2,2,0,0,2010-03-30,2010-04-07
manolo-sanchis,Manolo Sanchís,2,2,0,0,1998-03-04,1998-03-18
marc-wilson,Marc Wilson,2,2,0,0,2011-03-12,2011-04-16
marco-materazzi,Marco Materazzi,2,0,0,0,2010-03-30,2010-04-07
marcos-alonso,Marcos Alonso,2,2,0,0,2014-01-07,2014-01-22
massimo-ambrosini,Massimo Ambrosini,2,0,0,0,2003-04-08,2003-04-23
mateja-kezman,Mateja Kežman,2,0,0,0,2005-01-12,2005-01-26
matthew-etherington,Matthew Etherington,2,2,0,0,2011-03-12,2011-04-16
mickey-walsh,Mickey Walsh,2,0,0,0,1984-04-11,1984-04-25
miguel-angel-angulo,Miguel Ángel Angulo,2,2,0,0,2000-04-04,2000-04-19
pablo-aimar,Pablo Aimar,2,2,0,0,2001-04-03,2001-04-18
paolo-maldini,Paolo Maldini,2,2,0,0,2003-04-08,2003-04-23
paul-scharner,Paul Scharner,2,2,0,0,2013-03-10,2013-04-01
paulo-ferreira,Paulo Ferreira,2,2,0,0,2005-01-12,2005-01-26
peter-downsborough,Peter Downsborough,2,2,0,0,1969-12-03,1969-12-17
peter-noble,Peter Noble,2,2,0,0,1969-12-03,1969-12-17
petr-cech,Petr Čech,2,2,0,0,2005-01-12,2005-01-26
phil-bardsley,Phil Bardsley,2,2,0,0,2014-01-07,2014-01-22
philip-mccloy,Philip McCloy,2,2,0,0,1926-03-06,1926-03-27
predrag-mijatovic,Predrag Mijatović,2,2,0,0,1998-03-04,1998-03-18
ricardo-carvalho,Ricardo Carvalho,2,2,0,0,2005-01-12,2005-01-26
robert-huth,Robert Huth,2,2,0,0,2011-03-12,2011-04-16
roberto-ayala,Roberto Ayala,2,2,0,0,2001-04-03,2001-04-18
rod-thomas,Rod Thomas,2,2,0,0,1969-12-03,1969-12-17
roger-espinoza,Roger Espinoza,2,2,0,0,2013-03-10,2013-04-01
roger-smart,Roger Smart,2,2,0,0,1969-12-03,1969-12-17
roque-junior,Roque Júnior,2,0,0,0,2003-04-08,2003-04-23
rory-delap,Rory Delap,2,2,0,0,2011-03-12,2011-04-16
ruben-baraja,Rubén Baraja,2,2,0,0,2001-04-03,2001-04-18
rui-costa,Rui Costa,2,2,0,0,2003-04-08,2003-04-23
ryan-shawcross,Ryan Shawcross,2,2,0,0,2011-03-12,2011-04-16
sam-cookson,Sam Cookson,2,2,0,0,1926-03-06,1926-03-27
sam-cowan,Sam Cowan,2,2,0,0,1926-03-06,1926-03-27
samuel-eto-o,Samuel Eto'o,2,2,0,0,2010-03-30,2010-04-07
sebastian-larsson,Sebastian Larsson,2,2,0,0,2014-01-07,2014-01-22
serginho,Serginho,2,0,0,0,2003-04-08,2003-04-23
shaun-maloney,Shaun Maloney,2,2,0,0,2013-03-10,2013-04-01
stan-harland,Stan Harland,2,2,0,0,1969-12-03,1969-12-17
steven-fletcher,Steven Fletcher,2,0,0,0,2014-01-07,2014-01-22
steven-pienaar,Steven Pienaar,2,2,0,0,2009-03-07,2009-04-19
teden-mengi,Teden Mengi,2,0,0,0,2020-08-05,2021-12-08
thomas-s-rensen,Thomas Sørensen,2,2,0,0,2011-03-12,2011-04-16
tim-cahill,Tim Cahill,2,2,0,0,2009-03-07,2009-04-19
tommy-browell,Tommy Browell,2,2,0,0,1926-03-06,1926-03-27
tommy-johnson,Tommy Johnson,2,2,0,0,1926-03-06,1926-03-27
tony-hibbert,Tony Hibbert,2,2,0,0,2009-03-07,2009-04-19
tyler-fletcher,Tyler Fletcher,2,0,0,0,2026-02-07,2026-05-24
vermelhinho,Vermelhinho,2,2,0,0,1984-04-11,1984-04-25
victor-valdes,Víctor Valdés,2,1,0,0,2015-05-17,2015-05-24
vito-mannone,Vito Mannone,2,2,0,0,2014-01-07,2014-01-22
walter-samuel,Walter Samuel,2,2,0,0,2010-03-30,2010-04-07
wesley-sneijder,Wesley Sneijder,2,2,0,0,2010-03-30,2010-04-07
will-keane,Will Keane,2,0,0,0,2016-02-13,2016-02-22
william-gallas,William Gallas,2,2,0,0,2005-01-12,2005-01-26
willie-penman,Willie Penman,2,0,0,0,1969-12-03,1969-12-17
ze-beto,Zé Beto,2,2,0,0,1984-04-11,1984-04-25
zlatko-zahovic,Zlatko Zahovič,2,0,0,0,2001-04-03,2001-04-18
alan-woollett,Alan Woollett,1,1,0,0,1969-03-01,1969-03-01
albert-stubbins,Albert Stubbins,1,1,0,0,1950-03-04,1950-03-04
alex-jackson,Alex Jackson,1,1,0,0,1928-03-03,1928-03-03
allan-clarke,Allan Clarke,1,1,0,0,1969-03-01,1969-03-01
andy-lochhead,Andy Lochhead,1,1,0,0,1969-03-01,1969-03-01
aymeric-laporte,Aymeric Laporte,1,1,0,0,2019-12-18,2019-12-18
bendito-mantato,Bendito Mantato,1,0,0,0,2025-12-30,2025-12-30
bill-jones,Bill Jones,1,1,0,0,1950-03-04,1950-03-04
bill-perry,Bill Perry,1,1,0,0,1951-02-24,1951-02-24
bill-slater,Bill Slater,1,1,0,0,1951-02-24,1951-02-24
billy-liddell,Billy Liddell,1,1,0,0,1950-03-04,1950-03-04
billy-mercer,Billy Mercer,1,1,0,0,1928-03-03,1928-03-03
billy-smith,Billy Smith,1,1,0,0,1928-03-03,1928-03-03
bob-kelly,Bob Kelly,1,1,0,0,1928-03-03,1928-03-03
bobby-roberts,Bobby Roberts,1,1,0,0,1969-03-01,1969-03-01
charlie-mcneill,Charlie McNeill,1,0,0,0,2022-09-08,2022-09-08
charlie-savage,Charlie Savage,1,0,0,0,2021-12-08,2021-12-08
clem-stephenson,Clem Stephenson,1,1,0,0,1928-03-03,1928-03-03
cyril-sidlow,Cyril Sidlow,1,1,0,0,1950-03-04,1950-03-04
d-mani-mellor,D'Mani Mellor,1,0,0,0,2019-11-28,2019-11-28
daniel-gore,Daniel Gore,1,0,0,0,2023-12-26,2023-12-26
danilo,Danilo,1,0,0,0,2019-12-18,2019-12-18
danny-mills,Danny Mills,1,1,0,0,2004-12-01,2004-12-01
dave-gibson,Dave Gibson,1,1,0,0,1969-03-01,1969-03-01
dave-watson,Dave Watson,1,1,0,0,1989-03-18,1989-03-18
david-james,David James,1,1,0,0,2008-03-08,2008-03-08
david-nish,David Nish,1,1,0,0,1969-03-01,1969-03-01
david-nugent,David Nugent,1,0,0,0,2008-03-08,2008-03-08
david-steele,David Steele,1,1,0,0,1928-03-03,1928-03-03
dele-alli,Dele Alli,1,0,0,0,2021-01-06,2021-01-06
demetri-mitchell,Demetri Mitchell,1,1,0,0,2017-05-21,2017-05-21
di-shon-bernard,Di'Shon Bernard,1,1,0,0,2019-11-28,2019-11-28
doriva,Doriva,1,1,0,0,2004-12-01,2004-12-01
dylan-levitt,Dylan Levitt,1,1,0,0,2019-11-28,2019-11-28
eddie-shimwell,Eddie Shimwell,1,1,0,0,1951-02-24,1951-02-24
eddie-spicer,Eddie Spicer,1,1,0,0,1950-03-04,1950-03-04
ederson-moraes,Ederson Moraes,1,1,0,0,2019-12-18,2019-12-18
eric-dier,Eric Dier,1,1,0,0,2021-01-06,2021-01-06
eric-hayward,Eric Hayward,1,1,0,0,1951-02-24,1951-02-24
ethan-galbraith,Ethan Galbraith,1,0,0,0,2019-11-28,2019-11-28
franck-queudrue,Franck Queudrue,1,1,0,0,2004-12-01,2004-12-01
gareth-bale,Gareth Bale,1,0,0,0,2021-01-06,2021-01-06
gareth-southgate,Gareth Southgate,1,1,0,0,2004-12-01,2004-12-01
george-boateng,George Boateng,1,1,0,0,2004-12-01,2004-12-01
george-brown,George Brown,1,1,0,0,1928-03-03,1928-03-03
george-farm,George Farm,1,1,0,0,1951-02-24,1951-02-24
giovani-lo-celso,Giovani Lo Celso,1,1,0,0,2021-01-06,2021-01-06
graeme-sharp,Graeme Sharp,1,1,0,0,1989-03-18,1989-03-18
graham-cross,Graham Cross,1,1,0,0,1969-03-01,1969-03-01
harry-johnston,Harry Johnston,1,1,0,0,1951-02-24,1951-02-24
harry-kane,Harry Kane,1,1,0,0,2021-01-06,2021-01-06
harry-winks,Harry Winks,1,1,0,0,2021-01-06,2021-01-06
hermann-hrei-arsson,Hermann Hreiðarsson,1,1,0,0,2008-03-08,2008-03-08
hughie-kelly,Hughie Kelly,1,1,0,0,1951-02-24,1951-02-24
hugo-lloris,Hugo Lloris,1,1,0,0,2021-01-06,2021-01-06
ian-wilson,Ian Wilson,1,0,0,0,1989-03-18,1989-03-18
jackie-mudie,Jackie Mudie,1,1,0,0,1951-02-24,1951-02-24
james-weir,James Weir,1,0,0,0,2016-02-28,2016-02-28
jim-leighton,Jim Leighton,1,1,0,0,1990-05-12,1990-05-12
jimmy-payne,Jimmy Payne,1,1,0,0,1950-03-04,1950-03-04
john-utaka,John Utaka,1,1,0,0,2008-03-08,2008-03-08
joseph-desire-job,Joseph-Désiré Job,1,1,0,0,2004-12-01,2004-12-01
juninho-paulista,Juninho Paulista,1,1,0,0,2004-12-01,2004-12-01
kevin-baron,Kevin Baron,1,1,0,0,1950-03-04,1950-03-04
kevin-ratcliffe,Kevin Ratcliffe,1,1,0,0,1989-03-18,1989-03-18
kevin-sheedy,Kevin Sheedy,1,1,0,0,1989-03-18,1989-03-18
largie-ramazani,Largie Ramazani,1,0,0,0,2019-11-28,2019-11-28
lassana-diarra,Lassana Diarra,1,1,0,0,2008-03-08,2008-03-08
laurie-hughes,Laurie Hughes,1,1,0,0,1950-03-04,1950-03-04
lee-grant,Lee Grant,1,1,0,0,2019-11-28,2019-11-28
lenny-glover,Lenny Glover,1,1,0,0,1969-03-01,1969-03-01
leroy-sane,Leroy Sané,1,0,0,0,2019-12-18,2019-12-18
levi-redfern,Levi Redfern,1,1,0,0,1928-03-03,1928-03-03
lucas-moura,Lucas Moura,1,1,0,0,2021-01-06,2021-01-06
malcolm-manley,Malcolm Manley,1,0,0,0,1969-03-01,1969-03-01
mark-schwarzer,Mark Schwarzer,1,1,0,0,2004-12-01,2004-12-01
michael-keane,Michael Keane,1,0,0,0,2014-08-24,2014-08-24
michael-ricketts,Michael Ricketts,1,0,0,0,2004-12-01,2004-12-01
milan-baros,Milan Baroš,1,0,0,0,2008-03-08,2008-03-08
moussa-sissoko,Moussa Sissoko,1,0,0,0,2021-01-06,2021-01-06
ned-barkas,Ned Barkas,1,1,0,0,1928-03-03,1928-03-03
neil-mcdonald,Neil McDonald,1,1,0,0,1989-03-18,1989-03-18
neville-southall,Neville Southall,1,1,0,0,1989-03-18,1989-03-18
nicolas-otamendi,Nicolás Otamendi,1,1,0,0,2019-12-18,2019-12-18
niko-kranjcar,Niko Kranjčar,1,1,0,0,2008-03-08,2008-03-08
nwankwo-kanu,Nwankwo Kanu,1,1,0,0,2008-03-08,2008-03-08
papa-bouba-diop,Papa Bouba Diop,1,0,0,0,2008-03-08,2008-03-08
pat-nevin,Pat Nevin,1,1,0,0,1989-03-18,1989-03-18
pat-van-den-hauwe,Pat Van Den Hauwe,1,1,0,0,1989-03-18,1989-03-18
paul-bracewell,Paul Bracewell,1,1,0,0,1989-03-18,1989-03-18
pedro-mendes,Pedro Mendes,1,1,0,0,2008-03-08,2008-03-08
peter-rodrigues,Peter Rodrigues,1,1,0,0,1969-03-01,1969-03-01
peter-shilton,Peter Shilton,1,1,0,0,1969-03-01,1969-03-01
phil-taylor,Phil Taylor,1,1,0,0,1950-03-04,1950-03-04
pierre-emile-h-jbjerg,Pierre-Emile Højbjerg,1,1,0,0,2021-01-06,2021-01-06
ray-lambert,Ray Lambert,1,1,0,0,1950-03-04,1950-03-04
regan-poole,Regan Poole,1,0,0,0,2016-02-25,2016-02-25
rodney-fern,Rodney Fern,1,1,0,0,1969-03-01,1969-03-01
roy-goodall,Roy Goodall,1,1,0,0,1928-03-03,1928-03-03
serge-aurier,Serge Aurier,1,1,0,0,2021-01-06,2021-01-06
sol-campbell,Sol Campbell,1,1,0,0,2008-03-08,2008-03-08
son-heung-min,Son Heung-min,1,1,0,0,2021-01-06,2021-01-06
stan-mortensen,Stan Mortensen,1,1,0,0,1951-02-24,1951-02-24
stanley-matthews,Stanley Matthews,1,1,0,0,1951-02-24,1951-02-24
steven-bergwijn,Steven Bergwijn,1,0,0,0,2021-01-06,2021-01-06
stuart-mccall,Stuart McCall,1,0,0,0,1989-03-18,1989-03-18
sylvain-distin,Sylvain Distin,1,1,0,0,2008-03-08,2008-03-08
toby-alderweireld,Toby Alderweireld,1,1,0,0,2021-01-06,2021-01-06
tom-heaton,Tom Heaton,1,0,0,0,2021-12-08,2021-12-08
tom-lawrence,Tom Lawrence,1,1,0,0,2014-05-06,2014-05-06
tom-thorpe,Tom Thorpe,1,0,0,0,2014-09-27,2014-09-27
tom-wilson,Tom Wilson,1,1,0,0,1928-03-03,1928-03-03
tommy-garrett,Tommy Garrett,1,1,0,0,1951-02-24,1951-02-24
tony-cottee,Tony Cottee,1,1,0,0,1989-03-18,1989-03-18
trevor-steven,Trevor Steven,1,1,0,0,1989-03-18,1989-03-18
ugo-ehiogu,Ugo Ehiogu,1,1,0,0,2004-12-01,2004-12-01
vincent-kompany,Vincent Kompany,1,0,0,0,2019-12-18,2019-12-18
will-fish,Will Fish,1,0,0,0,2021-05-23,2021-05-23
willie-fagan,Willie Fagan,1,1,0,0,1950-03-04,1950-03-04
zidane-iqbal,Zidane Iqbal,1,0,0,0,2021-12-08,2021-12-08
aaron-hughes,Aaron Hughes,0,0,0,1,,
abdoulaye-doucoure,Abdoulaye Doucouré,0,0,0,0,,
adam-smith,Adam Smith,0,0,0,1,,
adrian-lopez,Adrián López,0,0,0,0,,
adrian-mariappa,Adrian Mariappa,0,0,0,0,,
alan-hutton,Alan Hutton,0,0,0,0,,
alessandro-bastoni,Alessandro Bastoni,0,0,0,0,,
alf-edge,Alf Edge,0,0,0,0,,
alisson-becker,Alisson Becker,0,0,0,0,,
alvaro-carreras,Álvaro Carreras,0,0,0,0,,
andre-gray,Andre Gray,0,0,0,0,,
andrea-belotti,Andrea Belotti,0,0,0,0,,
andreas-christensen,Andreas Christensen,0,0,0,0,,
andy-robertson,Andy Robertson,0,0,0,0,,
antonio-candreva,Antonio Candreva,0,0,0,0,,
antonio-rudiger,Antonio Rüdiger,0,0,0,0,,
arnau-puigmal,Arnau Puigmal,0,0,0,0,,
arthur-henrys,Arthur Henrys,0,0,0,0,,
ashley-westwood,Ashley Westwood,0,0,0,0,,
ashley-williams,Ashley Williams,0,0,0,1,,
ayoze-perez,Ayoze Pérez,0,0,0,0,,
ben-amos,Ben Amos,0,0,0,0,,
bjorn-hardley,Björn Hardley,0,0,0,0,,
bryan-cristante,Bryan Cristante,0,0,0,0,,
caglar-soyuncu,Çağlar Söyüncü,0,0,0,0,,
callum-hudson-odoi,Callum Hudson-Odoi,0,0,0,0,,
carlos-sanchez,Carlos Sánchez,0,0,0,0,,
cesar-azpilicueta,César Azpilicueta,0,0,0,0,,
cesc-fabregas,Cesc Fàbregas,0,0,0,0,,
chancel-mbemba,Chancel Mbemba,0,0,0,1,,
charles-n-zogbia,Charles N'Zogbia,0,0,0,0,,
christian-benteke,Christian Benteke,0,0,0,0,,
christian-pulisic,Christian Pulisic,0,0,0,0,,
craig-cathcart,Craig Cathcart,0,0,0,0,,
dan-gore,Dan Gore,0,0,0,0,,
daniel-amartey,Daniel Amartey,0,0,0,1,,
daniel-caligiuri,Daniel Caligiuri,0,0,0,1,,
danilo-d-ambrosio,Danilo D'Ambrosio,0,0,0,0,,
darnell-furlong,Darnell Furlong,0,0,0,1,,
david-luiz,David Luiz,0,0,0,0,,
david-villa,David Villa,0,0,0,0,,
dermot-mee,Dermot Mee,0,0,0,0,,
diego-costa,Diego Costa,0,0,0,0,,
diego-godin,Diego Godín,0,0,0,0,,
diego-leon,Diego León,0,0,0,0,,
diego-llorente,Diego Llorente,0,0,0,0,,
divock-origi,Divock Origi,0,0,0,0,,
eden-hazard,Eden Hazard,0,0,0,0,,
edoardo-bove,Edoardo Bove,0,0,0,0,,
elyh-harrison,Elyh Harrison,0,0,0,0,,
ethan-hamilton,Ethan Hamilton,0,0,0,0,,
etienne-capoue,Étienne Capoue,0,0,0,0,,
fabian-delph,Fabian Delph,0,0,0,0,,
fabinho,Fabinho,0,0,0,0,,
filipe-luis,Filipe Luís,0,0,0,0,,
fred-williams,Fred Williams,0,0,0,0,,
gabi,Gabi,0,0,0,0,,
gabriel-agbonlahor,Gabriel Agbonlahor,0,0,0,0,,
gary-cahill,Gary Cahill,0,0,0,0,,
george-evans,George Evans,0,0,0,0,,
georginio-wijnaldum,Georginio Wijnaldum,0,0,0,0,,
gerard-deulofeu,Gerard Deulofeu,0,0,0,0,,
gianluca-mancini,Gianluca Mancini,0,0,0,0,,
godwill-kukonki,Godwill Kukonki,0,0,0,0,,
habeeb-ogunneye,Habeeb Ogunneye,0,0,0,0,,
hamza-choudhury,Hamza Choudhury,0,0,0,0,,
hannibal-mejbri,Hannibal Mejbri,0,0,0,0,,
harry-stafford,Harry Stafford,0,0,0,0,,
heurelho-gomes,Heurelho Gomes,0,0,0,0,,
hubert-graczyk,Hubert Graczyk,0,0,0,0,,
isaac-success,Isaac Success,0,0,0,0,,
jack-banks,Jack Banks,0,0,0,0,,
jack-butland,Jack Butland,0,0,0,0,,
jack-grealish,Jack Grealish,0,0,0,1,,
jack-moorhouse,Jack Moorhouse,0,0,0,0,,
jack-owen,Jack Owen,0,0,0,0,,
james-colville,James Colville,0,0,0,0,,
james-maddison,James Maddison,0,0,0,0,,
james-milner,James Milner,0,0,0,0,,
james-scanlon,James Scanlon,0,0,0,0,,
jamie-vardy,Jamie Vardy,0,0,0,0,,
jayce-fitzgerald,Jayce Fitzgerald,0,0,0,0,,
jaydan-kamason,Jaydan Kamason,0,0,0,0,,
jim-thwaites,Jim Thwaites,0,0,0,0,,
joe-gomez,Joe Gomez,0,0,0,0,,
joe-hugill,Joe Hugill,0,0,0,0,,
joe-rothwell,Joe Rothwell,0,0,0,0,,
joel-matip,Joël Matip,0,0,0,0,,
john-sneddon,John Sneddon,0,0,0,0,,
jordan-henderson,Jordan Henderson,0,0,0,0,,
jores-okore,Jores Okore,0,0,0,0,,
jorginho,Jorginho,0,0,0,0,,
jose-holebas,José Holebas,0,0,0,0,,
jose-sosa,José Sosa,0,0,0,0,,
joshua-king,Joshua King,0,0,0,0,,
juanfran,Juanfran,0,0,0,0,,
kasper-schmeichel,Kasper Schmeichel,0,0,0,0,,
kelechi-iheanacho,Kelechi Iheanacho,0,0,0,0,,
kevin-mbabu,Kevin Mbabu,0,0,0,1,,
kian-hansen,Kian Hansen,0,0,0,1,,
kieran-o-hara,Kieran O'Hara,0,0,0,0,,
kiko-femenia,Kiko Femenía,0,0,0,0,,
koke,Koke,0,0,0,0,,
kurt-zouma,Kurt Zouma,0,0,0,0,,
lautaro-martinez,Lautaro Martínez,0,0,0,0,,
leandro-bacuna,Leandro Bacuna,0,0,0,0,,
leonardo-spinazzola,Leonardo Spinazzola,0,0,0,0,,
lorenzo-pellegrini,Lorenzo Pellegrini,0,0,0,0,,
louis-jackson,Louis Jackson,0,0,0,0,,
lukas-lerager,Lukas Lerager,0,0,0,1,,
luke-thomas,Luke Thomas,0,0,0,0,,
marc-albrighton,Marc Albrighton,0,0,0,0,,
marc-jurado,Marc Jurado,0,0,0,0,,
marcelo-brozovic,Marcelo Brozović,0,0,0,0,,
marnick-vermijl,Marnick Vermijl,0,0,0,0,,
martin-dubravka,Martin Dúbravka,0,0,0,0,,
matej-kovar,Matej Kovar,0,0,0,0,,
mateo-kovacic,Mateo Kovačić,0,0,0,0,,
matty-willock,Matty Willock,0,0,0,0,,
max-taylor,Max Taylor,0,0,0,0,,
michy-batshuayi,Michy Batshuayi,0,0,0,0,,
miranda,Miranda,0,0,0,0,,
mohamed-salah,Mohamed Salah,0,0,0,0,,
n-golo-kante,N'Golo Kanté,0,0,0,0,,
nathan-bishop,Nathan Bishop,0,0,0,0,,
nicola-zalewski,Nicola Zalewski,0,0,0,0,,
nicolo-barella,Nicolò Barella,0,0,0,0,,
olivier-giroud,Olivier Giroud,0,0,0,0,,
paulo-dybala,Paulo Dybala,0,0,0,0,,
pedro,Pedro,0,0,0,0,,
presnel-kimpembe,Presnel Kimpembe,0,0,0,1,,
radek-vitek,Radek Vitek,0,0,0,0,,
raul-garcia,Raúl García,0,0,0,0,,
reece-james,Reece James,0,0,0,0,,
rhys-bennett,Rhys Bennett,0,0,0,0,,
ro-shaun-williams,Ro-Shaun Williams,0,0,0,0,,
roberto-firmino,Roberto Firmino,0,0,0,0,,
roberto-gagliardini,Roberto Gagliardini,0,0,0,0,,
roberto-pereyra,Roberto Pereyra,0,0,0,0,,
roger-ibanez,Roger Ibañez,0,0,0,0,,
ron-vlaar,Ron Vlaar,0,0,0,0,,
ross-barkley,Ross Barkley,0,0,0,0,,
rui-patricio,Rui Patrício,0,0,0,0,,
sadio-mane,Sadio Mané,0,0,0,0,,
sam-johnstone,Sam Johnstone,0,0,0,0,,
samir-handanovic,Samir Handanović,0,0,0,0,,
scott-dann,Scott Dann,0,0,0,1,,
scott-wootton,Scott Wootton,0,0,0,0,,
sean-goss,Sean Goss,0,0,0,0,,
sekou-kone,Sékou Koné,0,0,0,0,,
shay-given,Shay Given,0,0,0,0,,
simon-deli,Simon Deli,0,0,0,1,,
stefan-de-vrij,Stefan de Vrij,0,0,0,0,,
stephan-el-shaarawy,Stephan El Shaarawy,0,0,0,0,,
tammy-abraham,Tammy Abraham,0,0,0,0,,
thibaut-courtois,Thibaut Courtois,0,0,0,0,,
tiago-mendes,Tiago Mendes,0,0,0,0,,
timothy-castagne,Timothy Castagne,0,0,0,0,,
trent-alexander-arnold,Trent Alexander-Arnold,0,0,0,0,,
troy-deeney,Troy Deeney,0,0,0,0,,
victor-moses,Victor Moses,0,0,0,0,,
virgil-van-dijk,Virgil van Dijk,0,0,0,0,,
wes-morgan,Wes Morgan,0,0,0,0,,
wesley-fofana,Wesley Fofana,0,0,0,0,,
wilfred-ndidi,Wilfred Ndidi,0,0,0,0,,
will-hughes,Will Hughes,0,0,0,0,,
will-murdock,Will Murdock,0,0,0,0,,
willian,Willian,0,0,0,1,,
willy-caballero,Willy Caballero,0,0,0,0,,
youri-tielemans,Youri Tielemans,0,0,0,0,,
zak-dearnley,Zak Dearnley,0,0,0,0,,
zeki-celik,Zeki Çelik,0,0,0,0,,
