player_id,name,bucket,position_label,position_qid,wikidata_id,source_id,retrieved_at
aaron-hulme,Aaron Hulme,DEF,defender,Q336286,Q4662108,wikidata-positions,2026-06-19T14:22:00.646Z
aaron-wan-bissaka,Aaron Wan-Bissaka,DEF,full-back,Q90173132,Q50137347,wikidata-positions,2026-06-19T14:22:00.646Z
adam-carson,Adam Carson,FWD,forward,Q280658,Q4678835,wikidata-positions,2026-06-19T14:22:00.646Z
adam-eckersley,Adam Eckersley,DEF,full-back,Q90173132,Q3234980,wikidata-positions,2026-06-19T14:22:00.646Z
adnan-januzaj,Adnan Januzaj,MID,wing half,Q8025128,Q14558450,wikidata-positions,2026-06-19T14:22:00.646Z
alan-brazil,Alan Brazil,FWD,forward,Q280658,Q2632690,wikidata-positions,2026-06-19T14:22:00.646Z
alan-davies,Alan Davies,MID,wing half,Q8025128,Q528966,wikidata-positions,2026-06-19T14:22:00.646Z
alan-foggon,Alan Foggon,FWD,forward,Q280658,Q23421,wikidata-positions,2026-06-19T14:22:00.646Z
alan-gowling,Alan Gowling,FWD,forward,Q280658,Q10397380,wikidata-positions,2026-06-19T14:22:00.646Z
alan-smith,Alan Smith,MID,midfielder,Q193592,Q216614,wikidata-positions,2026-06-19T14:22:00.646Z
albert-broome,Albert Broome,FWD,forward,Q280658,Q4709814,wikidata-positions,2026-06-19T14:22:00.646Z
albert-kinsey,Albert Kinsey,FWD,forward,Q280658,Q10455129,wikidata-positions,2026-06-19T14:22:00.646Z
albert-pape,Albert Pape,FWD,forward,Q280658,Q4710960,wikidata-positions,2026-06-19T14:22:00.646Z
albert-prince,Albert Prince,FWD,forward,Q280658,Q4711039,wikidata-positions,2026-06-19T14:22:00.646Z
albert-quixall,Albert Quixall,FWD,forward,Q280658,Q2635506,wikidata-positions,2026-06-19T14:22:00.646Z
albert-scanlon,Albert Scanlon,FWD,forward,Q280658,Q981695,wikidata-positions,2026-06-19T14:22:00.646Z
albert-smith,Albert Smith,FWD,forward,Q280658,Q4711234,wikidata-positions,2026-06-19T14:22:00.646Z
alejandro-garnacho,Alejandro Garnacho,FWD,winger,,Q111366053,curated,2026-06-19T14:22:00.646Z
alex-bell,Alex Bell,MID,wing half,Q8025128,Q3439401,wikidata-positions,2026-06-19T14:22:00.646Z
alex-dawson,Alex Dawson,FWD,forward,Q280658,Q4167327,wikidata-positions,2026-06-19T14:22:00.646Z
alex-downie,Alex Downie,MID,wing half,Q8025128,Q4155283,wikidata-positions,2026-06-19T14:22:00.646Z
alex-forsyth,Alex Forsyth,DEF,full-back,Q90173132,Q4491989,wikidata-positions,2026-06-19T14:22:00.646Z
alex-menzies,Alex Menzies,FWD,forward,Q280658,Q4717489,wikidata-positions,2026-06-19T14:22:00.646Z
alex-notman,Alex Notman,FWD,forward,Q280658,Q3436320,wikidata-positions,2026-06-19T14:22:00.646Z
alex-stepney,Alex Stepney,GK,goalkeeper,Q201330,Q380205,wikidata-positions,2026-06-19T14:22:00.646Z
alex-telles,Alex Telles,DEF,full-back,Q90173132,Q15214940,wikidata-positions,2026-06-19T14:22:00.646Z
alexander-buttner,Alexander Büttner,DEF,full-back,Q90173132,Q372709,wikidata-positions,2026-06-19T14:22:00.646Z
alexander-higgins,Alexander Higgins,DEF,full-back,Q90173132,Q4719132,wikidata-positions,2026-06-19T14:22:00.646Z
alexis-sanchez,Alexis Sánchez,MID,wing half,Q8025128,Q180553,wikidata-positions,2026-06-19T14:22:00.646Z
alf-ainsworth,Alf Ainsworth,FWD,inside forward,Q6037916,Q622406,wikidata-positions,2026-06-19T14:22:00.646Z
alf-edge,Alf Edge,FWD,inside forward,Q6037916,Q4721661,wikidata-positions,2026-06-19T14:22:00.646Z
alf-farman,Alf Farman,FWD,forward,Q280658,Q4481276,wikidata-positions,2026-06-19T14:22:00.646Z
alf-schofield,Alf Schofield,FWD,forward,Q280658,Q975787,wikidata-positions,2026-06-19T14:22:00.646Z
alf-steward,Alf Steward,GK,goalkeeper,Q201330,Q3436805,wikidata-positions,2026-06-19T14:22:00.646Z
alfred-ambler,Alfred Ambler,DEF,defender,Q336286,Q1369552,wikidata-positions,2026-06-19T14:22:00.646Z
allenby-chilton,Allenby Chilton,MID,midfielder,Q193592,Q2713300,wikidata-positions,2026-06-19T14:22:00.646Z
altay-bay-nd-r,Altay Bayındır,GK,goalkeeper,Q172964,Q57415806,wikidata-positions,2026-06-19T14:22:00.646Z
amad-diallo,Amad Diallo,FWD,forward,Q280658,Q72603655,wikidata-positions,2026-06-19T14:22:00.646Z
ander-herrera,Ander Herrera,FWD,inside forward,Q6037916,Q1639968,wikidata-positions,2026-06-19T14:22:00.646Z
anders-lindegaard,Anders Lindegaard,GK,goalkeeper,Q201330,Q245057,wikidata-positions,2026-06-19T14:22:00.646Z
anderson,Anderson,MID,midfielder,Q193592,Q484772,wikidata-positions,2026-06-19T14:22:00.646Z
andreas-pereira,Andreas Pereira,MID,midfielder,Q193592,Q17619350,wikidata-positions,2026-06-19T14:22:00.646Z
andrei-kanchelskis,Andrei Kanchelskis,FWD,right winger,Q114358150,Q312148,wikidata-positions,2026-06-19T14:22:00.646Z
andrew-mitchell,Andrew Mitchell,DEF,full-back,Q90173132,Q4758042,wikidata-positions,2026-06-19T14:22:00.646Z
andre-onana,André Onana,GK,goalkeeper,Q201330,Q19116103,wikidata-positions,2026-06-19T14:22:00.646Z
andy-cole,Andy Cole,FWD,forward,Q280658,Q216928,wikidata-positions,2026-06-19T14:22:00.646Z
andy-goram,Andy Goram,GK,goalkeeper,Q201330,Q525909,wikidata-positions,2026-06-19T14:22:00.646Z
andy-mitchell,Andy Mitchell,FWD,forward,Q280658,Q4761052,wikidata-positions,2026-06-19T14:22:00.646Z
andy-ritchie,Andy Ritchie,MID,midfielder,Q193592,Q4761233,wikidata-positions,2026-06-19T14:22:00.646Z
angel-gomes,Angel Gomes,MID,midfielder,Q193592,Q29988852,wikidata-positions,2026-06-19T14:22:00.646Z
anthony-elanga,Anthony Elanga,FWD,forward,Q280658,Q106805131,wikidata-positions,2026-06-19T14:22:00.646Z
anthony-martial,Anthony Martial,FWD,forward,Q280658,Q2091463,wikidata-positions,2026-06-19T14:22:00.646Z
anto-whelan,Anto Whelan,DEF,defender,Q336286,Q4773707,wikidata-positions,2026-06-19T14:22:00.646Z
antonio-valencia,Antonio Valencia,FWD,winger,,Q174486,curated,2026-06-19T14:22:00.646Z
antony,Antony,FWD,winger,Q11681748,Q59205608,wikidata-positions,2026-06-19T14:22:00.646Z
archie-montgomery,Archie Montgomery,GK,goalkeeper,Q201330,Q4786757,wikidata-positions,2026-06-19T14:22:00.646Z
arnie-sidebottom,Arnie Sidebottom,DEF,defender,Q336286,Q4794821,wikidata-positions,2026-06-19T14:22:00.646Z
arnold-muhren,Arnold Mühren,MID,midfielder,Q193592,Q464107,wikidata-positions,2026-06-19T14:22:00.646Z
arthur-albiston,Arthur Albiston,DEF,full-back,Q90173132,Q462137,wikidata-positions,2026-06-19T14:22:00.646Z
arthur-allman,Arthur Allman,DEF,full-back,Q90173132,Q4797806,wikidata-positions,2026-06-19T14:22:00.646Z
arthur-beadsworth,Arthur Beadsworth,FWD,inside forward,Q6037916,Q4797957,wikidata-positions,2026-06-19T14:22:00.646Z
arthur-cashmore,Arthur Cashmore,FWD,forward,Q280658,Q4798218,wikidata-positions,2026-06-19T14:22:00.646Z
arthur-chesters,Arthur Chesters,GK,goalkeeper,Q201330,Q4798249,wikidata-positions,2026-06-19T14:22:00.646Z
arthur-fitton,Arthur Fitton,FWD,forward,Q280658,Q4798692,wikidata-positions,2026-06-19T14:22:00.646Z
arthur-graham,Arthur Graham,MID,wing half,Q8025128,Q4798872,wikidata-positions,2026-06-19T14:22:00.646Z
arthur-henrys,Arthur Henrys,DEF,full-back,Q90173132,Q16066736,wikidata-positions,2026-06-19T14:22:00.646Z
arthur-hooper,Arthur Hooper,FWD,inside forward,Q6037916,Q4799118,wikidata-positions,2026-06-19T14:22:00.646Z
arthur-lochhead,Arthur Lochhead,FWD,forward,Q280658,Q4266021,wikidata-positions,2026-06-19T14:22:00.646Z
arthur-marshall,Arthur Marshall,DEF,full-back,Q90173132,Q4799653,wikidata-positions,2026-06-19T14:22:00.646Z
arthur-potts,Arthur Potts,FWD,inside forward,Q6037916,Q4800010,wikidata-positions,2026-06-19T14:22:00.646Z
arthur-thomson,Arthur Thomson,FWD,forward,Q280658,Q4800460,wikidata-positions,2026-06-19T14:22:00.646Z
arthur-warburton,Arthur Warburton,FWD,forward,Q280658,Q4800610,wikidata-positions,2026-06-19T14:22:00.646Z
arthur-whalley,Arthur Whalley,MID,wing half,Q8025128,Q4476127,wikidata-positions,2026-06-19T14:22:00.646Z
arthur-young,Arthur Young,FWD,forward,Q280658,Q4800770,wikidata-positions,2026-06-19T14:22:00.646Z
ashley-grimes,Ashley Grimes,MID,midfielder,Q193592,Q3443433,wikidata-positions,2026-06-19T14:22:00.646Z
ashley-young,Ashley Young,DEF,full-back,Q90173132,Q10602,wikidata-positions,2026-06-19T14:22:00.646Z
axel-tuanzebe,Axel Tuanzebe,DEF,centre-back,Q268258,Q27019988,wikidata-positions,2026-06-19T14:22:00.646Z
bastian-schweinsteiger,Bastian Schweinsteiger,MID,midfielder,Q193592,Q44298,wikidata-positions,2026-06-19T14:22:00.646Z
beaumont-asquith,Beaumont Asquith,FWD,inside forward,Q6037916,Q3440440,wikidata-positions,2026-06-19T14:22:00.646Z
ben-amos,Ben Amos,GK,goalkeeper,Q201330,Q312152,wikidata-positions,2026-06-19T14:22:00.646Z
ben-foster,Ben Foster,GK,goalkeeper,Q201330,Q10585,wikidata-positions,2026-06-19T14:22:00.646Z
ben-morton,Ben Morton,FWD,forward,Q280658,Q4886195,wikidata-positions,2026-06-19T14:22:00.646Z
ben-thornley,Ben Thornley,MID,wing half,Q8025128,Q4886568,wikidata-positions,2026-06-19T14:22:00.646Z
benjamin-sesko,Benjamin Šeško,FWD,forward,Q280658,Q65950315,wikidata-positions,2026-06-19T14:22:00.646Z
bernard-donaghey,Bernard Donaghey,FWD,inside forward,Q6037916,Q4893069,wikidata-positions,2026-06-19T14:22:00.646Z
berry-brown,Berry Brown,GK,goalkeeper,Q201330,Q4894768,wikidata-positions,2026-06-19T14:22:00.646Z
bert-cartman,Bert Cartman,FWD,forward,Q280658,Q15998646,wikidata-positions,2026-06-19T14:22:00.646Z
bert-read,Bert Read,DEF,defender,Q336286,Q4895280,wikidata-positions,2026-06-19T14:22:00.646Z
bert-whalley,Bert Whalley,MID,midfielder,Q193592,Q2406328,wikidata-positions,2026-06-19T14:22:00.646Z
bill-bainbridge,Bill Bainbridge,FWD,forward,Q280658,Q4908010,wikidata-positions,2026-06-19T14:22:00.646Z
bill-berry,Bill Berry,FWD,forward,Q280658,Q2578036,wikidata-positions,2026-06-19T14:22:00.646Z
bill-fielding,Bill Fielding,GK,goalkeeper,Q201330,Q4908976,wikidata-positions,2026-06-19T14:22:00.646Z
bill-foulkes,Bill Foulkes,DEF,centre-back,Q268258,Q462111,wikidata-positions,2026-06-19T14:22:00.646Z
bill-henderson,Bill Henderson,FWD,forward,Q280658,Q4909394,wikidata-positions,2026-06-19T14:22:00.646Z
bill-inglis,Bill Inglis,DEF,full-back,Q90173132,Q4909554,wikidata-positions,2026-06-19T14:22:00.646Z
bill-mckay,Bill McKay,MID,wing half,Q8025128,Q4910127,wikidata-positions,2026-06-19T14:22:00.646Z
bill-owen,Bill Owen,FWD,forward,Q280658,Q4910411,wikidata-positions,2026-06-19T14:22:00.646Z
bill-rawlings,Bill Rawlings,FWD,forward,Q280658,Q4910602,wikidata-positions,2026-06-19T14:22:00.646Z
bill-ridding,Bill Ridding,FWD,forward,Q280658,Q4910641,wikidata-positions,2026-06-19T14:22:00.646Z
bill-williams,Bill Williams,FWD,forward,Q280658,Q4911378,wikidata-positions,2026-06-19T14:22:00.646Z
billy-ball,Billy Ball,DEF,full-back,Q90173132,Q736407,wikidata-positions,2026-06-19T14:22:00.646Z
billy-behan,Billy Behan,GK,goalkeeper,Q201330,Q10407374,wikidata-positions,2026-06-19T14:22:00.646Z
billy-boyd,Billy Boyd,FWD,forward,Q280658,Q4912255,wikidata-positions,2026-06-19T14:22:00.646Z
billy-bryant,Billy Bryant,FWD,forward,Q280658,Q1587190,wikidata-positions,2026-06-19T14:22:00.646Z
billy-chapman,Billy Chapman,FWD,forward,Q280658,Q16005781,wikidata-positions,2026-06-19T14:22:00.646Z
billy-dale,Billy Dale,MID,wing half,Q8025128,Q4912421,wikidata-positions,2026-06-19T14:22:00.646Z
billy-dennis,Billy Dennis,DEF,full-back,Q90173132,Q4912460,wikidata-positions,2026-06-19T14:22:00.646Z
billy-draycott,Billy Draycott,MID,wing half,Q8025128,Q4912487,wikidata-positions,2026-06-19T14:22:00.646Z
billy-garton,Billy Garton,DEF,defender,Q336286,Q4912584,wikidata-positions,2026-06-19T14:22:00.646Z
billy-goodwin,Billy Goodwin,FWD,forward,Q280658,Q4912621,wikidata-positions,2026-06-19T14:22:00.646Z
billy-grassam,Billy Grassam,FWD,forward,Q280658,Q863104,wikidata-positions,2026-06-19T14:22:00.646Z
billy-griffiths,Billy Griffiths,MID,midfielder,Q193592,Q4912645,wikidata-positions,2026-06-19T14:22:00.646Z
billy-harrison,Billy Harrison,MID,wing half,Q8025128,Q4912678,wikidata-positions,2026-06-19T14:22:00.646Z
billy-hood,Billy Hood,FWD,forward,Q280658,Q4912729,wikidata-positions,2026-06-19T14:22:00.646Z
billy-johnston,Billy Johnston,MID,midfielder,Q193592,Q4912806,wikidata-positions,2026-06-19T14:22:00.646Z
billy-mcglen,Billy McGlen,MID,wing half,Q8025128,Q4913001,wikidata-positions,2026-06-19T14:22:00.646Z
billy-meredith,Billy Meredith,FWD,winger,,Q444611,curated,2026-06-19T14:22:00.646Z
billy-morgan,Billy Morgan,MID,wing half,Q8025128,Q4913061,wikidata-positions,2026-06-19T14:22:00.646Z
billy-porter,Billy Porter,DEF,defender,Q336286,Q4913178,wikidata-positions,2026-06-19T14:22:00.646Z
billy-redman,Billy Redman,DEF,defender,Q336286,Q4913216,wikidata-positions,2026-06-19T14:22:00.646Z
billy-richards,Billy Richards,FWD,forward,Q280658,Q4913237,wikidata-positions,2026-06-19T14:22:00.646Z
billy-toms,Billy Toms,FWD,forward,Q280658,Q4913394,wikidata-positions,2026-06-19T14:22:00.646Z
billy-whelan,Billy Whelan,FWD,inside forward,Q6037916,Q2456577,wikidata-positions,2026-06-19T14:22:00.646Z
billy-wrigglesworth,Billy Wrigglesworth,FWD,forward,Q280658,Q4913498,wikidata-positions,2026-06-19T14:22:00.646Z
bob-bonthron,Bob Bonthron,DEF,defender,Q336286,Q4931871,wikidata-positions,2026-06-19T14:22:00.646Z
bob-donaldson,Bob Donaldson,FWD,forward,Q280658,Q2670594,wikidata-positions,2026-06-19T14:22:00.646Z
bob-mcfarlane,Bob McFarlane,DEF,full-back,Q90173132,Q4933344,wikidata-positions,2026-06-19T14:22:00.646Z
bob-milarvie,Bob Milarvie,FWD,forward,Q280658,Q4933406,wikidata-positions,2026-06-19T14:22:00.646Z
bob-parkinson,Bob Parkinson,FWD,forward,Q280658,Q10452837,wikidata-positions,2026-06-19T14:22:00.646Z
bob-ramsay,Bob Ramsay,DEF,full-back,Q90173132,Q888205,wikidata-positions,2026-06-19T14:22:00.646Z
bob-valentine,Bob Valentine,GK,goalkeeper,Q201330,Q4934260,wikidata-positions,2026-06-19T14:22:00.646Z
bobby-beale,Bobby Beale,GK,goalkeeper,Q201330,Q259719,wikidata-positions,2026-06-19T14:22:00.646Z
bobby-charlton,Bobby Charlton,MID,midfielder,Q193592,Q171583,wikidata-positions,2026-06-19T14:22:00.646Z
bobby-harrop,Bobby Harrop,DEF,centre-back,Q268258,Q887975,wikidata-positions,2026-06-19T14:22:00.646Z
bobby-noble,Bobby Noble,DEF,full-back,Q90173132,Q4935418,wikidata-positions,2026-06-19T14:22:00.646Z
bogie-roberts,Bogie Roberts,FWD,forward,Q280658,Q4937640,wikidata-positions,2026-06-19T14:22:00.646Z
bojan-djordjic,Bojan Djordjic,MID,midfielder,Q193592,Q833673,wikidata-positions,2026-06-19T14:22:00.646Z
brandon-williams,Brandon Williams,DEF,defender,Q336286,Q69569088,wikidata-positions,2026-06-19T14:22:00.646Z
brian-birch,Brian Birch,FWD,forward,Q280658,Q3376695,wikidata-positions,2026-06-19T14:22:00.646Z
brian-greenhoff,Brian Greenhoff,MID,midfielder,Q193592,Q912274,wikidata-positions,2026-06-19T14:22:00.646Z
brian-kidd,Brian Kidd,FWD,forward,Q280658,Q562532,wikidata-positions,2026-06-19T14:22:00.646Z
brian-mcclair,Brian McClair,FWD,forward,Q280658,Q462105,wikidata-positions,2026-06-19T14:22:00.646Z
bruno-fernandes,Bruno Fernandes,MID,attacking midfielder,Q90326494,Q4979316,wikidata-positions,2026-06-19T14:22:00.646Z
bryan-mbeumo,Bryan Mbeumo,FWD,winger,Q11681748,Q49561427,wikidata-positions,2026-06-19T14:22:00.646Z
bryan-robson,Bryan Robson,MID,midfielder,Q193592,Q296583,wikidata-positions,2026-06-19T14:22:00.646Z
bebe,Bébé,MID,wing half,Q8025128,Q299450,wikidata-positions,2026-06-19T14:22:00.646Z
caesar-jenkyns,Caesar Jenkyns,MID,midfielder,Q193592,Q1025420,wikidata-positions,2026-06-19T14:22:00.646Z
cameron-borthwick-jackson,Cameron Borthwick-Jackson,DEF,full-back,Q90173132,Q21403420,wikidata-positions,2026-06-19T14:22:00.646Z
carlo-sartori,Carlo Sartori,MID,midfielder,Q193592,Q3659836,wikidata-positions,2026-06-19T14:22:00.646Z
carlos-tevez,Carlos Tevez,FWD,forward,Q280658,Q50600,wikidata-positions,2026-06-19T14:22:00.646Z
charles-mackie,Charles Mackie,FWD,forward,Q280658,Q5080559,wikidata-positions,2026-06-19T14:22:00.646Z
charles-rothwell,Charles Rothwell,FWD,forward,Q280658,Q5082188,wikidata-positions,2026-06-19T14:22:00.646Z
charlie-craven,Charlie Craven,FWD,inside forward,Q6037916,Q5084737,wikidata-positions,2026-06-19T14:22:00.646Z
charlie-hannaford,Charlie Hannaford,FWD,forward,Q280658,Q1066905,wikidata-positions,2026-06-19T14:22:00.646Z
charlie-harrison,Charlie Harrison,DEF,full-back,Q90173132,Q5084998,wikidata-positions,2026-06-19T14:22:00.646Z
charlie-hillam,Charlie Hillam,GK,goalkeeper,Q201330,Q5085023,wikidata-positions,2026-06-19T14:22:00.646Z
charlie-mcgillivray,Charlie McGillivray,MID,wing half,Q8025128,Q5085227,wikidata-positions,2026-06-19T14:22:00.646Z
charlie-mitten,Charlie Mitten,FWD,forward,Q280658,Q2565364,wikidata-positions,2026-06-19T14:22:00.646Z
charlie-moore,Charlie Moore,DEF,defender,Q336286,Q3436435,wikidata-positions,2026-06-19T14:22:00.646Z
charlie-radford,Charlie Radford,DEF,defender,Q336286,Q5085422,wikidata-positions,2026-06-19T14:22:00.646Z
charlie-ramsden,Charlie Ramsden,FWD,forward,Q280658,Q5085424,wikidata-positions,2026-06-19T14:22:00.646Z
charlie-rennox,Charlie Rennox,FWD,forward,Q280658,Q5085444,wikidata-positions,2026-06-19T14:22:00.646Z
charlie-richards,Charlie Richards,FWD,forward,Q280658,Q5085457,wikidata-positions,2026-06-19T14:22:00.646Z
charlie-roberts,Charlie Roberts,MID,midfielder,Q193592,Q2916117,wikidata-positions,2026-06-19T14:22:00.646Z
charlie-sagar,Charlie Sagar,FWD,forward,Q280658,Q1811696,wikidata-positions,2026-06-19T14:22:00.646Z
charlie-savage,Charlie Savage,MID,midfielder,Q193592,Q107878065,wikidata-positions,2026-06-19T14:22:00.646Z
charlie-spencer,Charlie Spencer,DEF,defender,Q336286,Q5085548,wikidata-positions,2026-06-19T14:22:00.646Z
chicharito,Chicharito,FWD,forward,Q280658,Q165125,wikidata-positions,2026-06-19T14:22:00.646Z
chris-casper,Chris Casper,DEF,defender,Q336286,Q5106114,wikidata-positions,2026-06-19T14:22:00.646Z
chris-eagles,Chris Eagles,MID,wing half,Q8025128,Q296207,wikidata-positions,2026-06-19T14:22:00.646Z
chris-mcgrath,Chris McGrath,MID,midfielder,Q193592,Q5107413,wikidata-positions,2026-06-19T14:22:00.646Z
chris-smalling,Chris Smalling,DEF,centre-back,Q268258,Q29491,wikidata-positions,2026-06-19T14:22:00.646Z
chris-taylor,Chris Taylor,FWD,forward,Q280658,Q5108240,wikidata-positions,2026-06-19T14:22:00.646Z
chris-turner,Chris Turner,GK,goalkeeper,Q201330,Q5108332,wikidata-positions,2026-06-19T14:22:00.646Z
christian-eriksen,Christian Eriksen,MID,attacking midfielder,Q90326494,Q294951,wikidata-positions,2026-06-19T14:22:00.646Z
clayton-blackmore,Clayton Blackmore,DEF,full-back,Q90173132,Q1099281,wikidata-positions,2026-06-19T14:22:00.646Z
clem-beddow,Clem Beddow,FWD,forward,Q280658,Q5131161,wikidata-positions,2026-06-19T14:22:00.646Z
cliff-birkett,Cliff Birkett,FWD,forward,Q280658,Q5132542,wikidata-positions,2026-06-19T14:22:00.646Z
cliff-collinson,Cliff Collinson,GK,goalkeeper,Q201330,Q5132571,wikidata-positions,2026-06-19T14:22:00.646Z
clive-griffiths,Clive Griffiths,DEF,defender,Q336286,Q5134585,wikidata-positions,2026-06-19T14:22:00.646Z
colin-gibson,Colin Gibson,DEF,defender,Q336286,Q1108462,wikidata-positions,2026-06-19T14:22:00.646Z
colin-mckee,Colin McKee,MID,wing half,Q8025128,Q5145374,wikidata-positions,2026-06-19T14:22:00.646Z
colin-waldron,Colin Waldron,DEF,defender,Q336286,Q5145643,wikidata-positions,2026-06-19T14:22:00.646Z
colin-webster,Colin Webster,FWD,inside forward,Q6037916,Q2471118,wikidata-positions,2026-06-19T14:22:00.646Z
cristiano-ronaldo,Cristiano Ronaldo,FWD,forward,Q280658,Q11571,wikidata-positions,2026-06-19T14:22:00.646Z
cyril-barlow,Cyril Barlow,DEF,full-back,Q90173132,Q1148555,wikidata-positions,2026-06-19T14:22:00.646Z
d-mani-mellor,D'Mani Mellor,FWD,forward,Q280658,Q76742859,wikidata-positions,2026-06-19T14:22:00.646Z
daley-blind,Daley Blind,DEF,defender,Q336286,Q128912,wikidata-positions,2026-06-19T14:22:00.646Z
daniel-hurst,Daniel Hurst,MID,wing half,Q8025128,Q5217561,wikidata-positions,2026-06-19T14:22:00.646Z
daniel-james,Daniel James,FWD,winger,,Q30689579,curated,2026-06-19T14:22:00.646Z
daniel-nardiello,Daniel Nardiello,FWD,forward,Q280658,Q2297413,wikidata-positions,2026-06-19T14:22:00.646Z
danny-ferguson,Danny Ferguson,FWD,forward,Q280658,Q5220344,wikidata-positions,2026-06-19T14:22:00.646Z
danny-higginbotham,Danny Higginbotham,DEF,centre-back,Q268258,Q437322,wikidata-positions,2026-06-19T14:22:00.646Z
danny-pugh,Danny Pugh,MID,midfielder,Q193592,Q280300,wikidata-positions,2026-06-19T14:22:00.646Z
danny-simpson,Danny Simpson,DEF,full-back,Q90173132,Q315294,wikidata-positions,2026-06-19T14:22:00.646Z
danny-wallace,Danny Wallace,FWD,forward,Q280658,Q1179926,wikidata-positions,2026-06-19T14:22:00.646Z
danny-webber,Danny Webber,FWD,forward,Q280658,Q3015330,wikidata-positions,2026-06-19T14:22:00.646Z
danny-welbeck,Danny Welbeck,FWD,forward,Q280658,Q188457,wikidata-positions,2026-06-19T14:22:00.646Z
darren-ferguson,Darren Ferguson,MID,midfielder,Q193592,Q513167,wikidata-positions,2026-06-19T14:22:00.646Z
darren-fletcher,Darren Fletcher,MID,midfielder,Q193592,Q172792,wikidata-positions,2026-06-19T14:22:00.646Z
darron-gibson,Darron Gibson,MID,midfielder,Q193592,Q221222,wikidata-positions,2026-06-19T14:22:00.646Z
david-bain,David Bain,FWD,forward,Q280658,Q5231056,wikidata-positions,2026-06-19T14:22:00.646Z
david-beckham,David Beckham,MID,midfielder,Q193592,Q10520,wikidata-positions,2026-06-19T14:22:00.646Z
david-bellion,David Bellion,FWD,forward,Q280658,Q31903,wikidata-positions,2026-06-19T14:22:00.646Z
david-byrne,David Byrne,FWD,forward,Q280658,Q5231982,wikidata-positions,2026-06-19T14:22:00.646Z
david-christie,David Christie,FWD,inside forward,Q6037916,Q5232366,wikidata-positions,2026-06-19T14:22:00.646Z
david-ellis,David Ellis,MID,wing half,Q8025128,Q5233356,wikidata-positions,2026-06-19T14:22:00.646Z
david-fitzsimmons,David Fitzsimmons,MID,midfielder,Q193592,Q5233670,wikidata-positions,2026-06-19T14:22:00.646Z
david-gaskell,David Gaskell,GK,goalkeeper,Q201330,Q3436867,wikidata-positions,2026-06-19T14:22:00.646Z
david-gray,David Gray,MID,midfielder,Q193592,Q514288,wikidata-positions,2026-06-19T14:22:00.646Z
david-healy,David Healy,MID,wing half,Q8025128,Q313617,wikidata-positions,2026-06-19T14:22:00.646Z
david-herd,David Herd,FWD,forward,Q280658,Q1174720,wikidata-positions,2026-06-19T14:22:00.646Z
david-jones,David Jones,MID,midfielder,Q193592,Q16012094,wikidata-positions,2026-06-19T14:22:00.646Z
david-jones-2004,David Jones,MID,midfielder,Q193592,Q458276,wikidata-positions,2026-06-19T14:22:00.646Z
david-lyner,David Lyner,FWD,forward,Q280658,Q10453606,wikidata-positions,2026-06-19T14:22:00.646Z
david-may,David May,DEF,centre-back,Q268258,Q574121,wikidata-positions,2026-06-19T14:22:00.646Z
david-mccreery,David McCreery,MID,midfielder,Q193592,Q1175594,wikidata-positions,2026-06-19T14:22:00.646Z
david-mcfetteridge,David McFetteridge,FWD,forward,Q280658,Q5237352,wikidata-positions,2026-06-19T14:22:00.646Z
david-pegg,David Pegg,FWD,winger,,Q572919,curated,2026-06-19T14:22:00.646Z
david-robbie,David Robbie,FWD,forward,Q280658,Q5239099,wikidata-positions,2026-06-19T14:22:00.646Z
david-sadler,David Sadler,DEF,defender,Q336286,Q1179620,wikidata-positions,2026-06-19T14:22:00.646Z
david-wilson,David Wilson,MID,midfielder,Q193592,Q5241205,wikidata-positions,2026-06-19T14:22:00.646Z
david-de-gea,David de Gea,GK,goalkeeper,Q201330,Q150268,wikidata-positions,2026-06-19T14:22:00.646Z
dean-henderson,Dean Henderson,GK,goalkeeper,Q201330,Q28059260,wikidata-positions,2026-06-19T14:22:00.646Z
deiniol-graham,Deiniol Graham,FWD,forward,Q280658,Q5252470,wikidata-positions,2026-06-19T14:22:00.646Z
demetri-mitchell,Demetri Mitchell,MID,midfielder,Q193592,Q18015185,wikidata-positions,2026-06-19T14:22:00.646Z
denis-irwin,Denis Irwin,DEF,full-back,Q90173132,Q317807,wikidata-positions,2026-06-19T14:22:00.646Z
denis-law,Denis Law,FWD,forward,Q280658,Q233565,wikidata-positions,2026-06-19T14:22:00.646Z
dennis-viollet,Dennis Viollet,FWD,forward,Q280658,Q462141,wikidata-positions,2026-06-19T14:22:00.646Z
dennis-walker,Dennis Walker,MID,midfielder,Q193592,Q5259046,wikidata-positions,2026-06-19T14:22:00.646Z
derek-brazil,Derek Brazil,DEF,defender,Q336286,Q5261832,wikidata-positions,2026-06-19T14:22:00.646Z
di-shon-bernard,Di'Shon Bernard,DEF,defender,Q336286,Q76696882,wikidata-positions,2026-06-19T14:22:00.646Z
dick-black,Dick Black,FWD,forward,Q280658,Q5272685,wikidata-positions,2026-06-19T14:22:00.646Z
dick-duckworth,Dick Duckworth,MID,wing half,Q8025128,Q2501681,wikidata-positions,2026-06-19T14:22:00.646Z
dick-gardner,Dick Gardner,FWD,inside forward,Q6037916,Q5272930,wikidata-positions,2026-06-19T14:22:00.646Z
dick-holden,Dick Holden,DEF,defender,Q336286,Q4499017,wikidata-positions,2026-06-19T14:22:00.646Z
dick-pegg,Dick Pegg,FWD,forward,Q280658,Q5273259,wikidata-positions,2026-06-19T14:22:00.646Z
dick-smith,Dick Smith,FWD,forward,Q280658,Q5273385,wikidata-positions,2026-06-19T14:22:00.646Z
dick-wombwell,Dick Wombwell,MID,wing half,Q8025128,Q5273561,wikidata-positions,2026-06-19T14:22:00.646Z
diego-forlan,Diego Forlán,FWD,forward,Q280658,Q261534,wikidata-positions,2026-06-19T14:22:00.646Z
dimitar-berbatov,Dimitar Berbatov,FWD,forward,Q280658,Q170235,wikidata-positions,2026-06-19T14:22:00.646Z
diogo-dalot,Diogo Dalot,DEF,full-back,Q90173132,Q26255506,wikidata-positions,2026-06-19T14:22:00.646Z
dion-dublin,Dion Dublin,DEF,centre-back,Q268258,Q531093,wikidata-positions,2026-06-19T14:22:00.646Z
don-gibson,Don Gibson,MID,wing half,Q8025128,Q4137956,wikidata-positions,2026-06-19T14:22:00.646Z
don-givens,Don Givens,FWD,forward,Q280658,Q1647087,wikidata-positions,2026-06-19T14:22:00.646Z
donald-love,Donald Love,DEF,defender,Q336286,Q21061449,wikidata-positions,2026-06-19T14:22:00.646Z
dong-fangzhuo,Dong Fangzhuo,FWD,forward,Q280658,Q315305,wikidata-positions,2026-06-19T14:22:00.646Z
donny-van-de-beek,Donny van de Beek,MID,midfielder,Q193592,Q19059840,wikidata-positions,2026-06-19T14:22:00.646Z
duncan-edwards,Duncan Edwards,MID,midfielder,Q193592,Q276310,wikidata-positions,2026-06-19T14:22:00.646Z
dwight-yorke,Dwight Yorke,FWD,forward,Q280658,Q192175,wikidata-positions,2026-06-19T14:22:00.646Z
dylan-levitt,Dylan Levitt,MID,midfielder,Q193592,Q76700917,wikidata-positions,2026-06-19T14:22:00.646Z
ed-mcilvenny,Ed McIlvenny,MID,wing half,Q8025128,Q2634515,wikidata-positions,2026-06-19T14:22:00.646Z
eddie-colman,Eddie Colman,MID,midfielder,Q193592,Q2324630,wikidata-positions,2026-06-19T14:22:00.646Z
eddie-green,Eddie Green,FWD,forward,Q280658,Q5336083,wikidata-positions,2026-06-19T14:22:00.646Z
eddie-johnson,Eddie Johnson,FWD,forward,Q280658,Q1179451,wikidata-positions,2026-06-19T14:22:00.646Z
eddie-lewis,Eddie Lewis,FWD,forward,Q280658,Q5336231,wikidata-positions,2026-06-19T14:22:00.646Z
edgar-wilson,Edgar Wilson,FWD,forward,Q280658,Q5337520,wikidata-positions,2026-06-19T14:22:00.646Z
edinson-cavani,Edinson Cavani,FWD,forward,Q280658,Q167790,wikidata-positions,2026-06-19T14:22:00.646Z
edward-holt,Edward Holt,FWD,forward,Q280658,Q5343493,wikidata-positions,2026-06-19T14:22:00.646Z
edward-hudson,Edward Hudson,DEF,full-back,Q90173132,Q5343533,wikidata-positions,2026-06-19T14:22:00.646Z
edwin-lee,Edwin Lee,FWD,forward,Q280658,Q743501,wikidata-positions,2026-06-19T14:22:00.646Z
edwin-van-der-sar,Edwin van der Sar,GK,goalkeeper,Q201330,Q482955,wikidata-positions,2026-06-19T14:22:00.646Z
elijah-round,Elijah Round,GK,goalkeeper,Q201330,Q5360990,wikidata-positions,2026-06-19T14:22:00.646Z
enoch-west,Enoch West,FWD,forward,Q280658,Q2461412,wikidata-positions,2026-06-19T14:22:00.646Z
eric-bailly,Eric Bailly,DEF,centre-back,Q268258,Q18637352,wikidata-positions,2026-06-19T14:22:00.646Z
eric-cantona,Eric Cantona,FWD,forward,Q280658,Q170328,wikidata-positions,2026-06-19T14:22:00.646Z
eric-djemba-djemba,Eric Djemba-Djemba,MID,midfielder,Q193592,Q314371,wikidata-positions,2026-06-19T14:22:00.646Z
eric-sweeney,Eric Sweeney,FWD,forward,Q280658,Q1351669,wikidata-positions,2026-06-19T14:22:00.646Z
erik-nevland,Erik Nevland,FWD,forward,Q280658,Q249488,wikidata-positions,2026-06-19T14:22:00.646Z
ernest-payne,Ernest Payne,FWD,forward,Q280658,Q39053,wikidata-positions,2026-06-19T14:22:00.646Z
ernest-street,Ernest Street,FWD,forward,Q280658,Q16066930,wikidata-positions,2026-06-19T14:22:00.646Z
ernest-thomson,Ernest Thomson,DEF,full-back,Q90173132,Q16067128,wikidata-positions,2026-06-19T14:22:00.646Z
ernie-bond,Ernie Bond,FWD,forward,Q280658,Q5394361,wikidata-positions,2026-06-19T14:22:00.646Z
ernie-goldthorpe,Ernie Goldthorpe,FWD,forward,Q280658,Q10402233,wikidata-positions,2026-06-19T14:22:00.646Z
ernie-hine,Ernie Hine,FWD,inside forward,Q6037916,Q5394538,wikidata-positions,2026-06-19T14:22:00.646Z
ernie-taylor,Ernie Taylor,FWD,forward,Q280658,Q1179019,wikidata-positions,2026-06-19T14:22:00.646Z
ernie-thompson,Ernie Thompson,FWD,forward,Q280658,Q5394763,wikidata-positions,2026-06-19T14:22:00.646Z
ethan-galbraith,Ethan Galbraith,MID,midfielder,Q193592,Q67165839,wikidata-positions,2026-06-19T14:22:00.646Z
ethan-laird,Ethan Laird,DEF,defender,Q336286,Q76700931,wikidata-positions,2026-06-19T14:22:00.646Z
ezra-royals,Ezra Royals,GK,goalkeeper,Q201330,Q5423400,wikidata-positions,2026-06-19T14:22:00.646Z
fabien-barthez,Fabien Barthez,GK,goalkeeper,Q201330,Q191139,wikidata-positions,2026-06-19T14:22:00.646Z
facundo-pellistri,Facundo Pellistri,MID,midfielder,Q193592,Q72091732,wikidata-positions,2026-06-19T14:22:00.646Z
federico-macheda,Federico Macheda,FWD,forward,Q280658,Q208673,wikidata-positions,2026-06-19T14:22:00.646Z
fraizer-campbell,Fraizer Campbell,FWD,forward,Q280658,Q126181,wikidata-positions,2026-06-19T14:22:00.646Z
francis-burns,Francis Burns,DEF,defender,Q336286,Q3750917,wikidata-positions,2026-06-19T14:22:00.646Z
frank-barrett,Frank Barrett,GK,goalkeeper,Q201330,Q4078479,wikidata-positions,2026-06-19T14:22:00.646Z
frank-barson,Frank Barson,MID,midfielder,Q193592,Q1386222,wikidata-positions,2026-06-19T14:22:00.646Z
frank-brett,Frank Brett,DEF,defender,Q336286,Q5485471,wikidata-positions,2026-06-19T14:22:00.646Z
frank-buckley,Frank Buckley,DEF,defender,Q336286,Q1179993,wikidata-positions,2026-06-19T14:22:00.646Z
frank-clempson,Frank Clempson,FWD,forward,Q280658,Q5485860,wikidata-positions,2026-06-19T14:22:00.646Z
frank-harris,Frank Harris,DEF,full-back,Q90173132,Q5487124,wikidata-positions,2026-06-19T14:22:00.646Z
frank-haydock,Frank Haydock,MID,midfielder,Q193592,Q5487168,wikidata-positions,2026-06-19T14:22:00.646Z
frank-hodges,Frank Hodges,FWD,forward,Q280658,Q5487275,wikidata-positions,2026-06-19T14:22:00.646Z
frank-knowles,Frank Knowles,DEF,full-back,Q90173132,Q253984,wikidata-positions,2026-06-19T14:22:00.646Z
frank-kopel,Frank Kopel,DEF,defender,Q336286,Q5487739,wikidata-positions,2026-06-19T14:22:00.646Z
frank-mann,Frank Mann,MID,midfielder,Q193592,Q1587616,wikidata-positions,2026-06-19T14:22:00.646Z
frank-mcpherson,Frank McPherson,FWD,forward,Q280658,Q4276470,wikidata-positions,2026-06-19T14:22:00.646Z
frank-pepper,Frank Pepper,DEF,defender,Q336286,Q16058859,wikidata-positions,2026-06-19T14:22:00.646Z
frank-stapleton,Frank Stapleton,FWD,forward,Q280658,Q118942,wikidata-positions,2026-06-19T14:22:00.646Z
frank-wedge,Frank Wedge,FWD,forward,Q280658,Q5490285,wikidata-positions,2026-06-19T14:22:00.646Z
frank-williams,Frank Williams,DEF,defender,Q336286,Q5490390,wikidata-positions,2026-06-19T14:22:00.646Z
fred,Fred,MID,midfielder,Q193592,Q965448,wikidata-positions,2026-06-19T14:22:00.646Z
fred-erentz,Fred Erentz,DEF,full-back,Q90173132,Q558319,wikidata-positions,2026-06-19T14:22:00.646Z
fred-hopkin,Fred Hopkin,MID,wing half,Q8025128,Q10379931,wikidata-positions,2026-06-19T14:22:00.646Z
fred-kennedy,Fred Kennedy,FWD,forward,Q280658,Q580005,wikidata-positions,2026-06-19T14:22:00.646Z
fred-williams,Fred Williams,FWD,forward,Q280658,Q5496565,wikidata-positions,2026-06-19T14:22:00.646Z
freddie-goodwin,Freddie Goodwin,MID,wing half,Q8025128,Q4151523,wikidata-positions,2026-06-19T14:22:00.646Z
freddy-capper,Freddy Capper,FWD,forward,Q280658,Q5496850,wikidata-positions,2026-06-19T14:22:00.646Z
fabio-pereira-da-silva,Fábio Pereira da Silva,DEF,full-back,Q90173132,Q213401,wikidata-positions,2026-06-19T14:22:00.646Z
gabriel-heinze,Gabriel Heinze,DEF,defender,Q336286,Q63659,wikidata-positions,2026-06-19T14:22:00.646Z
gabriel-obertan,Gabriel Obertan,MID,wing half,Q8025128,Q298713,wikidata-positions,2026-06-19T14:22:00.646Z
garry-birtles,Garry Birtles,FWD,forward,Q280658,Q719572,wikidata-positions,2026-06-19T14:22:00.646Z
garth-crooks,Garth Crooks,FWD,forward,Q280658,Q737899,wikidata-positions,2026-06-19T14:22:00.646Z
gary-bailey,Gary Bailey,GK,goalkeeper,Q201330,Q713610,wikidata-positions,2026-06-19T14:22:00.646Z
gary-neville,Gary Neville,DEF,full-back,Q90173132,Q348857,wikidata-positions,2026-06-19T14:22:00.646Z
gary-pallister,Gary Pallister,DEF,defender,Q336286,Q380231,wikidata-positions,2026-06-19T14:22:00.646Z
gary-walsh,Gary Walsh,GK,goalkeeper,Q201330,Q3758559,wikidata-positions,2026-06-19T14:22:00.646Z
geoff-bent,Geoff Bent,DEF,full-back,Q90173132,Q2324566,wikidata-positions,2026-06-19T14:22:00.646Z
george-albinson,George Albinson,MID,wing half,Q8025128,Q1506845,wikidata-positions,2026-06-19T14:22:00.646Z
george-anderson,George Anderson,FWD,forward,Q280658,Q839126,wikidata-positions,2026-06-19T14:22:00.646Z
george-best,George Best,FWD,winger,,Q164521,curated,2026-06-19T14:22:00.646Z
george-bissett,George Bissett,FWD,forward,Q280658,Q10449204,wikidata-positions,2026-06-19T14:22:00.646Z
george-buchan,George Buchan,MID,wing half,Q8025128,Q5537379,wikidata-positions,2026-06-19T14:22:00.646Z
george-evans,George Evans,FWD,forward,Q280658,Q5539047,wikidata-positions,2026-06-19T14:22:00.646Z
george-gladwin,George Gladwin,MID,wing half,Q8025128,Q5539739,wikidata-positions,2026-06-19T14:22:00.646Z
george-graham,George Graham,MID,midfielder,Q193592,Q313763,wikidata-positions,2026-06-19T14:22:00.646Z
george-haslam,George Haslam,MID,midfielder,Q193592,Q5540302,wikidata-positions,2026-06-19T14:22:00.646Z
george-hunter,George Hunter,MID,midfielder,Q193592,Q1587744,wikidata-positions,2026-06-19T14:22:00.646Z
george-livingstone,George Livingstone,FWD,inside forward,Q6037916,Q4261027,wikidata-positions,2026-06-19T14:22:00.646Z
george-lydon,George Lydon,DEF,defender,Q336286,Q5541890,wikidata-positions,2026-06-19T14:22:00.646Z
george-lyons,George Lyons,FWD,forward,Q280658,Q5541908,wikidata-positions,2026-06-19T14:22:00.646Z
george-mclachlan,George McLachlan,MID,midfielder,Q193592,Q3101754,wikidata-positions,2026-06-19T14:22:00.646Z
george-millar,George Millar,FWD,forward,Q280658,Q5542475,wikidata-positions,2026-06-19T14:22:00.646Z
george-mutch,George Mutch,FWD,forward,Q280658,Q4285113,wikidata-positions,2026-06-19T14:22:00.646Z
george-nevin,George Nevin,DEF,full-back,Q90173132,Q5542847,wikidata-positions,2026-06-19T14:22:00.646Z
george-nicol,George Nicol,FWD,forward,Q280658,Q5542900,wikidata-positions,2026-06-19T14:22:00.646Z
george-o-brien,George O'Brien,FWD,forward,Q280658,Q5542951,wikidata-positions,2026-06-19T14:22:00.646Z
george-owen,George Owen,FWD,forward,Q280658,Q5543071,wikidata-positions,2026-06-19T14:22:00.646Z
george-perrins,George Perrins,MID,midfielder,Q193592,Q5543344,wikidata-positions,2026-06-19T14:22:00.646Z
george-roughton,George Roughton,DEF,defender,Q336286,Q5544071,wikidata-positions,2026-06-19T14:22:00.646Z
george-sapsford,George Sapsford,FWD,forward,Q280658,Q5544288,wikidata-positions,2026-06-19T14:22:00.646Z
george-schofield,George Schofield,FWD,forward,Q280658,Q5544353,wikidata-positions,2026-06-19T14:22:00.646Z
george-stacey,George Stacey,DEF,full-back,Q90173132,Q3436400,wikidata-positions,2026-06-19T14:22:00.646Z
george-travers,George Travers,FWD,forward,Q280658,Q5545301,wikidata-positions,2026-06-19T14:22:00.646Z
george-vose,George Vose,MID,midfielder,Q193592,Q2112706,wikidata-positions,2026-06-19T14:22:00.646Z
george-wall,George Wall,FWD,winger,,Q2028098,curated,2026-06-19T14:22:00.646Z
gerard-pique,Gerard Piqué,DEF,defender,Q336286,Q17507,wikidata-positions,2026-06-19T14:22:00.646Z
gerry-daly,Gerry Daly,MID,midfielder,Q193592,Q3761256,wikidata-positions,2026-06-19T14:22:00.646Z
gilbert-godsmark,Gilbert Godsmark,FWD,inside forward,Q6037916,Q5560937,wikidata-positions,2026-06-19T14:22:00.646Z
giuliano-maiorana,Giuliano Maiorana,MID,wing half,Q8025128,Q5565235,wikidata-positions,2026-06-19T14:22:00.646Z
giuseppe-rossi,Giuseppe Rossi,FWD,forward,Q280658,Q221216,wikidata-positions,2026-06-19T14:22:00.646Z
gordon-clayton,Gordon Clayton,GK,goalkeeper,Q201330,Q5584990,wikidata-positions,2026-06-19T14:22:00.646Z
gordon-hill,Gordon Hill,MID,midfielder,Q193592,Q1179023,wikidata-positions,2026-06-19T14:22:00.646Z
gordon-mcqueen,Gordon McQueen,DEF,centre-back,Q268258,Q950967,wikidata-positions,2026-06-19T14:22:00.646Z
gordon-strachan,Gordon Strachan,MID,midfielder,Q193592,Q314095,wikidata-positions,2026-06-19T14:22:00.646Z
graeme-hogg,Graeme Hogg,DEF,centre-back,Q268258,Q3436840,wikidata-positions,2026-06-19T14:22:00.646Z
graeme-tomlinson,Graeme Tomlinson,FWD,forward,Q280658,Q5592409,wikidata-positions,2026-06-19T14:22:00.646Z
graham-moore,Graham Moore,MID,midfielder,Q193592,Q5593084,wikidata-positions,2026-06-19T14:22:00.646Z
guillermo-varela,Guillermo Varela,DEF,full-back,Q90173132,Q13422031,wikidata-positions,2026-06-19T14:22:00.646Z
hannibal,Hannibal,MID,midfielder,Q193592,Q96755704,wikidata-positions,2026-06-19T14:22:00.646Z
harold-bratt,Harold Bratt,DEF,full-back,Q90173132,Q1585776,wikidata-positions,2026-06-19T14:22:00.646Z
harold-dean,Harold Dean,FWD,forward,Q280658,Q5660466,wikidata-positions,2026-06-19T14:22:00.646Z
harold-halse,Harold Halse,FWD,forward,Q280658,Q2470716,wikidata-positions,2026-06-19T14:22:00.646Z
harold-hardman,Harold Hardman,MID,wing half,Q8025128,Q1362212,wikidata-positions,2026-06-19T14:22:00.646Z
harry-baird,Harry Baird,FWD,forward,Q280658,Q10379403,wikidata-positions,2026-06-19T14:22:00.646Z
harry-erentz,Harry Erentz,DEF,defender,Q336286,Q5668685,wikidata-positions,2026-06-19T14:22:00.646Z
harry-gregg,Harry Gregg,GK,goalkeeper,Q201330,Q546107,wikidata-positions,2026-06-19T14:22:00.646Z
harry-lappin,Harry Lappin,FWD,forward,Q280658,Q5670468,wikidata-positions,2026-06-19T14:22:00.646Z
harry-leonard,Harry Leonard,FWD,forward,Q280658,Q5670563,wikidata-positions,2026-06-19T14:22:00.646Z
harry-maguire,Harry Maguire,DEF,centre-back,Q268258,Q165772,wikidata-positions,2026-06-19T14:22:00.646Z
harry-mcshane,Harry McShane,FWD,forward,Q280658,Q48724,wikidata-positions,2026-06-19T14:22:00.646Z
harry-moger,Harry Moger,GK,goalkeeper,Q201330,Q574892,wikidata-positions,2026-06-19T14:22:00.646Z
harry-rowley,Harry Rowley,FWD,forward,Q280658,Q4398733,wikidata-positions,2026-06-19T14:22:00.646Z
harry-stafford,Harry Stafford,DEF,defender,Q336286,Q2347898,wikidata-positions,2026-06-19T14:22:00.646Z
harry-thomas,Harry Thomas,FWD,forward,Q280658,Q1586858,wikidata-positions,2026-06-19T14:22:00.646Z
harry-wilkinson,Harry Wilkinson,FWD,forward,Q280658,Q5673374,wikidata-positions,2026-06-19T14:22:00.646Z
harry-williams,Harry Williams,DEF,centre-back,Q268258,Q16073225,wikidata-positions,2026-06-19T14:22:00.646Z
harry-worrall,Harry Worrall,DEF,full-back,Q90173132,Q10453907,wikidata-positions,2026-06-19T14:22:00.646Z
henning-berg,Henning Berg,DEF,defender,Q336286,Q343093,wikidata-positions,2026-06-19T14:22:00.646Z
henrik-larsson,Henrik Larsson,FWD,forward,Q280658,Q179334,wikidata-positions,2026-06-19T14:22:00.646Z
henrikh-mkhitaryan,Henrikh Mkhitaryan,MID,attacking midfielder,,Q196219,curated,2026-06-19T14:22:00.646Z
henry-boyd,Henry Boyd,FWD,forward,Q280658,Q5718474,wikidata-positions,2026-06-19T14:22:00.646Z
henry-cockburn,Henry Cockburn,MID,wing half,Q8025128,Q1179802,wikidata-positions,2026-06-19T14:22:00.646Z
henry-topping,Henry Topping,DEF,full-back,Q90173132,Q10453620,wikidata-positions,2026-06-19T14:22:00.646Z
herbert-birchenough,Herbert Birchenough,GK,goalkeeper,Q201330,Q1608071,wikidata-positions,2026-06-19T14:22:00.646Z
herbert-broomfield,Herbert Broomfield,GK,goalkeeper,Q201330,Q5733693,wikidata-positions,2026-06-19T14:22:00.646Z
herbert-burgess,Herbert Burgess,DEF,full-back,Q90173132,Q2715501,wikidata-positions,2026-06-19T14:22:00.646Z
herbert-dale,Herbert Dale,FWD,forward,Q280658,Q5733882,wikidata-positions,2026-06-19T14:22:00.646Z
herbert-heywood,Herbert Heywood,FWD,forward,Q280658,Q5734436,wikidata-positions,2026-06-19T14:22:00.646Z
herbert-mann,Herbert Mann,FWD,forward,Q280658,Q5735019,wikidata-positions,2026-06-19T14:22:00.646Z
herbert-rothwell,Herbert Rothwell,DEF,defender,Q336286,Q5735457,wikidata-positions,2026-06-19T14:22:00.646Z
herbert-stone,Herbert Stone,MID,midfielder,Q193592,Q16066801,wikidata-positions,2026-06-19T14:22:00.646Z
horace-blew,Horace Blew,DEF,full-back,Q90173132,Q5901548,wikidata-positions,2026-06-19T14:22:00.646Z
hubert-redwood,Hubert Redwood,DEF,full-back,Q90173132,Q5927575,wikidata-positions,2026-06-19T14:22:00.646Z
hugh-edmonds,Hugh Edmonds,GK,goalkeeper,Q201330,Q5930646,wikidata-positions,2026-06-19T14:22:00.646Z
hugh-kerr,Hugh Kerr,FWD,forward,Q280658,Q5931373,wikidata-positions,2026-06-19T14:22:00.646Z
hugh-mclenahan,Hugh McLenahan,MID,midfielder,Q193592,Q5931853,wikidata-positions,2026-06-19T14:22:00.646Z
hugh-morgan,Hugh Morgan,FWD,forward,Q280658,Q16066852,wikidata-positions,2026-06-19T14:22:00.646Z
ian-donald,Ian Donald,DEF,full-back,Q90173132,Q5981423,wikidata-positions,2026-06-19T14:22:00.646Z
ian-greaves,Ian Greaves,DEF,full-back,Q90173132,Q4148996,wikidata-positions,2026-06-19T14:22:00.646Z
ian-moir,Ian Moir,MID,wing half,Q8025128,Q5982427,wikidata-positions,2026-06-19T14:22:00.646Z
ian-storey-moore,Ian Storey-Moore,FWD,forward,Q280658,Q1655644,wikidata-positions,2026-06-19T14:22:00.646Z
ian-ure,Ian Ure,MID,midfielder,Q193592,Q2546222,wikidata-positions,2026-06-19T14:22:00.646Z
ian-wilkinson,Ian Wilkinson,GK,goalkeeper,Q201330,Q5983269,wikidata-positions,2026-06-19T14:22:00.646Z
jaap-stam,Jaap Stam,DEF,defender,Q336286,Q216917,wikidata-positions,2026-06-19T14:22:00.646Z
jack-allan,Jack Allan,FWD,forward,Q280658,Q1676952,wikidata-positions,2026-06-19T14:22:00.646Z
jack-ball,Jack Ball,FWD,forward,Q280658,Q10421467,wikidata-positions,2026-06-19T14:22:00.646Z
jack-banks,Jack Banks,MID,wing half,Q8025128,Q6220553,wikidata-positions,2026-06-19T14:22:00.646Z
jack-barber,Jack Barber,FWD,forward,Q280658,Q6111148,wikidata-positions,2026-06-19T14:22:00.646Z
jack-breedon,Jack Breedon,GK,goalkeeper,Q201330,Q6111389,wikidata-positions,2026-06-19T14:22:00.646Z
jack-cape,Jack Cape,FWD,forward,Q280658,Q6111563,wikidata-positions,2026-06-19T14:22:00.646Z
jack-crompton,Jack Crompton,GK,goalkeeper,Q201330,Q3436813,wikidata-positions,2026-06-19T14:22:00.646Z
jack-doughty,Jack Doughty,FWD,forward,Q280658,Q4155304,wikidata-positions,2026-06-19T14:22:00.646Z
jack-fitchett,Jack Fitchett,DEF,defender,Q336286,Q6112501,wikidata-positions,2026-06-19T14:22:00.646Z
jack-griffiths,Jack Griffiths,DEF,full-back,Q90173132,Q6112823,wikidata-positions,2026-06-19T14:22:00.646Z
jack-grundy,Jack Grundy,FWD,forward,Q280658,Q6112833,wikidata-positions,2026-06-19T14:22:00.646Z
jack-hacking,Jack Hacking,GK,goalkeeper,Q201330,Q8214908,wikidata-positions,2026-06-19T14:22:00.646Z
jack-hall,Jack Hall,GK,goalkeeper,Q201330,Q6112882,wikidata-positions,2026-06-19T14:22:00.646Z
jack-hall-1926,Jack Hall,FWD,forward,Q280658,Q6112884,wikidata-positions,2026-06-19T14:22:00.646Z
jack-mellor,Jack Mellor,DEF,full-back,Q90173132,Q6114077,wikidata-positions,2026-06-19T14:22:00.646Z
jack-mew,Jack Mew,GK,goalkeeper,Q201330,Q4309756,wikidata-positions,2026-06-19T14:22:00.646Z
jack-owen,Jack Owen,MID,midfielder,Q193592,Q6114479,wikidata-positions,2026-06-19T14:22:00.646Z
jack-peddie,Jack Peddie,FWD,forward,Q280658,Q3306011,wikidata-positions,2026-06-19T14:22:00.646Z
jack-peden,Jack Peden,FWD,forward,Q280658,Q1701381,wikidata-positions,2026-06-19T14:22:00.646Z
jack-peters,Jack Peters,FWD,forward,Q280658,Q6114589,wikidata-positions,2026-06-19T14:22:00.646Z
jack-picken,Jack Picken,FWD,forward,Q280658,Q3648845,wikidata-positions,2026-06-19T14:22:00.646Z
jack-powell,Jack Powell,DEF,defender,Q336286,Q4347281,wikidata-positions,2026-06-19T14:22:00.646Z
jack-quin,Jack Quin,MID,midfielder,Q193592,Q6114699,wikidata-positions,2026-06-19T14:22:00.646Z
jack-rowley,Jack Rowley,FWD,forward,Q280658,Q544255,wikidata-positions,2026-06-19T14:22:00.646Z
jack-silcock,Jack Silcock,DEF,defender,Q336286,Q2262276,wikidata-positions,2026-06-19T14:22:00.646Z
jack-smith,Jack Smith,FWD,forward,Q280658,Q8989776,wikidata-positions,2026-06-19T14:22:00.646Z
jack-warner,Jack Warner,MID,midfielder,Q193592,Q6115670,wikidata-positions,2026-06-19T14:22:00.646Z
jack-wilson,Jack Wilson,MID,wing half,Q8025128,Q6115821,wikidata-positions,2026-06-19T14:22:00.646Z
jackie-blanchflower,Jackie Blanchflower,MID,midfielder,Q193592,Q59608,wikidata-positions,2026-06-19T14:22:00.646Z
jackie-scott,Jackie Scott,FWD,forward,Q280658,Q3805727,wikidata-positions,2026-06-19T14:22:00.646Z
jackie-sheldon,Jackie Sheldon,FWD,forward,Q280658,Q6116644,wikidata-positions,2026-06-19T14:22:00.646Z
jackie-wassall,Jackie Wassall,FWD,forward,Q280658,Q6116720,wikidata-positions,2026-06-19T14:22:00.646Z
jadon-sancho,Jadon Sancho,FWD,winger,Q11681748,Q30148558,wikidata-positions,2026-06-19T14:22:00.646Z
james-bain,James Bain,FWD,forward,Q280658,Q6129237,wikidata-positions,2026-06-19T14:22:00.646Z
james-brown,James Brown,MID,wing half,Q8025128,Q3806473,wikidata-positions,2026-06-19T14:22:00.646Z
james-brown-1892,James Brown,DEF,defender,Q336286,Q16229836,wikidata-positions,2026-06-19T14:22:00.646Z
james-cairns,James Cairns,DEF,defender,Q336286,Q6130854,wikidata-positions,2026-06-19T14:22:00.646Z
james-cairns-1898,James Cairns,FWD,forward,Q280658,Q10457549,wikidata-positions,2026-06-19T14:22:00.646Z
james-carman,James Carman,FWD,forward,Q280658,Q16066865,wikidata-positions,2026-06-19T14:22:00.646Z
james-chester,James Chester,DEF,centre-back,Q268258,Q546799,wikidata-positions,2026-06-19T14:22:00.646Z
james-colville,James Colville,FWD,forward,Q280658,Q1680184,wikidata-positions,2026-06-19T14:22:00.646Z
james-connachan,James Connachan,FWD,forward,Q280658,Q6131631,wikidata-positions,2026-06-19T14:22:00.646Z
james-fisher,James Fisher,FWD,forward,Q280658,Q6133911,wikidata-positions,2026-06-19T14:22:00.646Z
james-garner,James Garner,MID,midfielder,Q193592,Q61908191,wikidata-positions,2026-06-19T14:22:00.646Z
james-gotheridge,James Gotheridge,MID,wing half,Q8025128,Q6134778,wikidata-positions,2026-06-19T14:22:00.646Z
james-hendry,James Hendry,FWD,forward,Q280658,Q6135852,wikidata-positions,2026-06-19T14:22:00.646Z
james-higson,James Higson,FWD,forward,Q280658,Q16066872,wikidata-positions,2026-06-19T14:22:00.646Z
james-hopkins,James Hopkins,FWD,inside forward,Q6037916,Q6136231,wikidata-positions,2026-06-19T14:22:00.646Z
james-mccrae,James McCrae,MID,wing half,Q8025128,Q978320,wikidata-positions,2026-06-19T14:22:00.646Z
james-mcnaught,James McNaught,MID,midfielder,Q193592,Q2095562,wikidata-positions,2026-06-19T14:22:00.646Z
james-miller,James Miller,FWD,inside forward,Q6037916,Q3161278,wikidata-positions,2026-06-19T14:22:00.646Z
james-montgomery,James Montgomery,MID,wing half,Q8025128,Q6139945,wikidata-positions,2026-06-19T14:22:00.646Z
james-pugh,James Pugh,DEF,defender,Q336286,Q6141492,wikidata-positions,2026-06-19T14:22:00.646Z
james-robinson,James Robinson,MID,wing half,Q8025128,Q10453702,wikidata-positions,2026-06-19T14:22:00.646Z
james-saunders,James Saunders,GK,goalkeeper,Q201330,Q6142787,wikidata-positions,2026-06-19T14:22:00.646Z
james-thomson,James Thomson,MID,wing half,Q8025128,Q6144225,wikidata-positions,2026-06-19T14:22:00.646Z
james-vance,James Vance,FWD,forward,Q280658,Q1681226,wikidata-positions,2026-06-19T14:22:00.646Z
james-weir,James Weir,MID,midfielder,Q193592,Q22969585,wikidata-positions,2026-06-19T14:22:00.646Z
james-wilson,James Wilson,FWD,forward,Q280658,Q16766365,wikidata-positions,2026-06-19T14:22:00.646Z
jeff-wealands,Jeff Wealands,GK,goalkeeper,Q201330,Q6175240,wikidata-positions,2026-06-19T14:22:00.646Z
jeff-whitefoot,Jeff Whitefoot,MID,midfielder,Q193592,Q1840304,wikidata-positions,2026-06-19T14:22:00.646Z
jesper-blomqvist,Jesper Blomqvist,MID,midfielder,Q193592,Q342387,wikidata-positions,2026-06-19T14:22:00.646Z
jesper-olsen,Jesper Olsen,MID,midfielder,Q193592,Q453438,wikidata-positions,2026-06-19T14:22:00.646Z
jesse-lingard,Jesse Lingard,MID,attacking midfielder,Q90326494,Q6186603,wikidata-positions,2026-06-19T14:22:00.646Z
jim-brown,Jim Brown,MID,wing half,Q8025128,Q2527157,wikidata-positions,2026-06-19T14:22:00.646Z
jim-holton,Jim Holton,DEF,defender,Q336286,Q2461947,wikidata-positions,2026-06-19T14:22:00.646Z
jim-leighton,Jim Leighton,GK,goalkeeper,Q201330,Q352209,wikidata-positions,2026-06-19T14:22:00.646Z
jim-mccalliog,Jim McCalliog,MID,midfielder,Q193592,Q3808355,wikidata-positions,2026-06-19T14:22:00.646Z
jimmy-bain,Jimmy Bain,DEF,full-back,Q90173132,Q11978590,wikidata-positions,2026-06-19T14:22:00.646Z
jimmy-bannister,Jimmy Bannister,FWD,inside forward,Q6037916,Q4101416,wikidata-positions,2026-06-19T14:22:00.646Z
jimmy-bullock,Jimmy Bullock,FWD,forward,Q280658,Q10422609,wikidata-positions,2026-06-19T14:22:00.646Z
jimmy-collinson,Jimmy Collinson,DEF,full-back,Q90173132,Q186208,wikidata-positions,2026-06-19T14:22:00.646Z
jimmy-coupar,Jimmy Coupar,FWD,forward,Q280658,Q1839481,wikidata-positions,2026-06-19T14:22:00.646Z
jimmy-davis,Jimmy Davis,MID,wing half,Q8025128,Q984317,wikidata-positions,2026-06-19T14:22:00.646Z
jimmy-delaney,Jimmy Delaney,FWD,winger,,Q2607019,curated,2026-06-19T14:22:00.646Z
jimmy-dyer,Jimmy Dyer,FWD,forward,Q280658,Q6200050,wikidata-positions,2026-06-19T14:22:00.646Z
jimmy-greenhoff,Jimmy Greenhoff,FWD,forward,Q280658,Q716063,wikidata-positions,2026-06-19T14:22:00.646Z
jimmy-hanlon,Jimmy Hanlon,FWD,forward,Q280658,Q6200282,wikidata-positions,2026-06-19T14:22:00.646Z
jimmy-hanson,Jimmy Hanson,FWD,forward,Q280658,Q4502798,wikidata-positions,2026-06-19T14:22:00.646Z
jimmy-hodge,Jimmy Hodge,DEF,full-back,Q90173132,Q6136118,wikidata-positions,2026-06-19T14:22:00.646Z
jimmy-kelly,Jimmy Kelly,MID,midfielder,Q193592,Q6200531,wikidata-positions,2026-06-19T14:22:00.646Z
jimmy-mcclelland,Jimmy McClelland,FWD,forward,Q280658,Q6200747,wikidata-positions,2026-06-19T14:22:00.646Z
jimmy-nicholl,Jimmy Nicholl,DEF,defender,Q336286,Q929577,wikidata-positions,2026-06-19T14:22:00.646Z
jimmy-nicholson,Jimmy Nicholson,MID,midfielder,Q193592,Q6200957,wikidata-positions,2026-06-19T14:22:00.646Z
jimmy-pegg,Jimmy Pegg,GK,goalkeeper,Q201330,Q6388296,wikidata-positions,2026-06-19T14:22:00.646Z
jimmy-rimmer,Jimmy Rimmer,GK,goalkeeper,Q201330,Q1370782,wikidata-positions,2026-06-19T14:22:00.646Z
jimmy-ryan,Jimmy Ryan,MID,midfielder,Q193592,Q4388898,wikidata-positions,2026-06-19T14:22:00.646Z
jimmy-turnbull,Jimmy Turnbull,FWD,forward,Q280658,Q3436786,wikidata-positions,2026-06-19T14:22:00.646Z
jimmy-warner,Jimmy Warner,GK,goalkeeper,Q201330,Q6201508,wikidata-positions,2026-06-19T14:22:00.646Z
jimmy-whitehouse,Jimmy Whitehouse,GK,goalkeeper,Q201330,Q6201561,wikidata-positions,2026-06-19T14:22:00.646Z
jocelyn-rowe,Jocelyn Rowe,DEF,full-back,Q90173132,Q6207172,wikidata-positions,2026-06-19T14:22:00.646Z
joe-astley,Joe Astley,DEF,full-back,Q90173132,Q6208408,wikidata-positions,2026-06-19T14:22:00.646Z
joe-carolan,Joe Carolan,DEF,defender,Q336286,Q6209004,wikidata-positions,2026-06-19T14:22:00.646Z
joe-cassidy,Joe Cassidy,FWD,forward,Q280658,Q3436414,wikidata-positions,2026-06-19T14:22:00.646Z
joe-clark,Joe Clark,FWD,inside forward,Q6037916,Q16066807,wikidata-positions,2026-06-19T14:22:00.646Z
joe-curry,Joe Curry,MID,midfielder,Q193592,Q6209333,wikidata-positions,2026-06-19T14:22:00.646Z
joe-dale,Joe Dale,MID,midfielder,Q193592,Q741037,wikidata-positions,2026-06-19T14:22:00.646Z
joe-davies,Joe Davies,MID,midfielder,Q193592,Q6209387,wikidata-positions,2026-06-19T14:22:00.646Z
joe-fall,Joe Fall,GK,goalkeeper,Q201330,Q6209760,wikidata-positions,2026-06-19T14:22:00.646Z
joe-ford,Joe Ford,FWD,forward,Q280658,Q10454176,wikidata-positions,2026-06-19T14:22:00.646Z
joe-haywood,Joe Haywood,MID,wing half,Q8025128,Q6210253,wikidata-positions,2026-06-19T14:22:00.646Z
joe-heathcote,Joe Heathcote,FWD,forward,Q280658,Q6210260,wikidata-positions,2026-06-19T14:22:00.646Z
joe-jordan,Joe Jordan,FWD,forward,Q280658,Q353506,wikidata-positions,2026-06-19T14:22:00.646Z
joe-kinloch,Joe Kinloch,FWD,forward,Q280658,Q6210694,wikidata-positions,2026-06-19T14:22:00.646Z
joe-lancaster,Joe Lancaster,GK,goalkeeper,Q201330,Q22278768,wikidata-positions,2026-06-19T14:22:00.646Z
joe-myerscough,Joe Myerscough,FWD,forward,Q280658,Q6211501,wikidata-positions,2026-06-19T14:22:00.646Z
joe-norton,Joe Norton,FWD,forward,Q280658,Q6211573,wikidata-positions,2026-06-19T14:22:00.646Z
joe-ridgway,Joe Ridgway,GK,goalkeeper,Q201330,Q1691565,wikidata-positions,2026-06-19T14:22:00.646Z
joe-riley,Joe Riley,DEF,full-back,Q90173132,Q22937276,wikidata-positions,2026-06-19T14:22:00.646Z
joe-schofield,Joe Schofield,MID,wing half,Q8025128,Q6212243,wikidata-positions,2026-06-19T14:22:00.646Z
joe-spence,Joe Spence,FWD,inside forward,Q6037916,Q1179175,wikidata-positions,2026-06-19T14:22:00.646Z
joe-walton,Joe Walton,DEF,defender,Q336286,Q6212882,wikidata-positions,2026-06-19T14:22:00.646Z
joe-wetherell,Joe Wetherell,GK,goalkeeper,Q201330,Q6212955,wikidata-positions,2026-06-19T14:22:00.646Z
joel-castro-pereira,Joel Castro Pereira,GK,goalkeeper,Q201330,Q19996370,wikidata-positions,2026-06-19T14:22:00.646Z
john-anderson,John Anderson,MID,wing half,Q8025128,Q4065279,wikidata-positions,2026-06-19T14:22:00.646Z
john-aston-jr,John Aston Jr,FWD,winger,,Q2661402,curated,2026-06-19T14:22:00.646Z
john-aston-sr,John Aston Sr,DEF,full-back,Q90173132,Q1361238,wikidata-positions,2026-06-19T14:22:00.646Z
john-ball,John Ball,DEF,full-back,Q90173132,Q6220455,wikidata-positions,2026-06-19T14:22:00.646Z
john-christie,John Christie,DEF,full-back,Q90173132,Q6226038,wikidata-positions,2026-06-19T14:22:00.646Z
john-clarkin,John Clarkin,FWD,forward,Q280658,Q6226245,wikidata-positions,2026-06-19T14:22:00.646Z
john-clements,John Clements,DEF,defender,Q336286,Q6226328,wikidata-positions,2026-06-19T14:22:00.646Z
john-connaughton,John Connaughton,GK,goalkeeper,Q201330,Q6226873,wikidata-positions,2026-06-19T14:22:00.646Z
john-connelly,John Connelly,FWD,winger,,Q712408,curated,2026-06-19T14:22:00.646Z
john-cunningham,John Cunningham,FWD,forward,Q280658,Q6227892,wikidata-positions,2026-06-19T14:22:00.646Z
john-curtis,John Curtis,DEF,defender,Q336286,Q372619,wikidata-positions,2026-06-19T14:22:00.646Z
john-davies,John Davies,GK,goalkeeper,Q201330,Q6228745,wikidata-positions,2026-06-19T14:22:00.646Z
john-doherty,John Doherty,FWD,inside forward,Q6037916,Q2118301,wikidata-positions,2026-06-19T14:22:00.646Z
john-dow,John Dow,DEF,defender,Q336286,Q6229959,wikidata-positions,2026-06-19T14:22:00.646Z
john-downie,John Downie,FWD,forward,Q280658,Q4155285,wikidata-positions,2026-06-19T14:22:00.646Z
john-earp,John Earp,FWD,forward,Q280658,Q16066574,wikidata-positions,2026-06-19T14:22:00.646Z
john-ferguson,John Ferguson,FWD,forward,Q280658,Q6232969,wikidata-positions,2026-06-19T14:22:00.646Z
john-fitzpatrick,John Fitzpatrick,DEF,defender,Q336286,Q4485146,wikidata-positions,2026-06-19T14:22:00.646Z
john-gidman,John Gidman,DEF,defender,Q336286,Q531550,wikidata-positions,2026-06-19T14:22:00.646Z
john-gourlay,John Gourlay,DEF,defender,Q336286,Q16066938,wikidata-positions,2026-06-19T14:22:00.646Z
john-graham,John Graham,FWD,forward,Q280658,Q1700264,wikidata-positions,2026-06-19T14:22:00.646Z
john-grimwood,John Grimwood,MID,midfielder,Q193592,Q3436465,wikidata-positions,2026-06-19T14:22:00.646Z
john-hodge,John Hodge,DEF,defender,Q336286,Q6239467,wikidata-positions,2026-06-19T14:22:00.646Z
john-howarth,John Howarth,DEF,full-back,Q90173132,Q6240096,wikidata-positions,2026-06-19T14:22:00.646Z
john-mccartney,John McCartney,DEF,defender,Q336286,Q6247470,wikidata-positions,2026-06-19T14:22:00.646Z
john-mcgillivray,John McGillivray,MID,midfielder,Q193592,Q6247780,wikidata-positions,2026-06-19T14:22:00.646Z
john-mitchell,John Mitchell,DEF,full-back,Q90173132,Q16201797,wikidata-positions,2026-06-19T14:22:00.646Z
john-moody,John Moody,GK,goalkeeper,Q201330,Q6249229,wikidata-positions,2026-06-19T14:22:00.646Z
john-o-kane,John O'Kane,DEF,defender,Q336286,Q6250915,wikidata-positions,2026-06-19T14:22:00.646Z
john-o-shea,John O'Shea,DEF,centre-back,Q268258,Q306351,wikidata-positions,2026-06-19T14:22:00.646Z
john-prentice,John Prentice,FWD,forward,Q280658,Q16004091,wikidata-positions,2026-06-19T14:22:00.646Z
john-roach,John Roach,DEF,full-back,Q90173132,Q6255042,wikidata-positions,2026-06-19T14:22:00.646Z
john-scott,John Scott,MID,wing half,Q8025128,Q6257049,wikidata-positions,2026-06-19T14:22:00.646Z
john-siveb-k,John Sivebæk,DEF,defender,Q336286,Q514329,wikidata-positions,2026-06-19T14:22:00.646Z
john-turner,John Turner,MID,wing half,Q8025128,Q16228713,wikidata-positions,2026-06-19T14:22:00.646Z
john-walton,John Walton,FWD,forward,Q280658,Q6262944,wikidata-positions,2026-06-19T14:22:00.646Z
john-whitney,John Whitney,DEF,defender,Q336286,Q6263898,wikidata-positions,2026-06-19T14:22:00.646Z
john-whittle,John Whittle,FWD,forward,Q280658,Q16012012,wikidata-positions,2026-06-19T14:22:00.646Z
john-williamson,John Williamson,DEF,defender,Q336286,Q6264400,wikidata-positions,2026-06-19T14:22:00.646Z
john-willie-sutcliffe,John Willie Sutcliffe,GK,goalkeeper,Q201330,Q3182547,wikidata-positions,2026-06-19T14:22:00.646Z
john-wood,John Wood,FWD,forward,Q280658,Q2730640,wikidata-positions,2026-06-19T14:22:00.646Z
johnny-berry,Johnny Berry,FWD,winger,,Q1702298,curated,2026-06-19T14:22:00.646Z
johnny-carey,Johnny Carey,DEF,centre-back,Q268258,Q780475,wikidata-positions,2026-06-19T14:22:00.646Z
johnny-giles,Johnny Giles,MID,midfielder,Q193592,Q444329,wikidata-positions,2026-06-19T14:22:00.646Z
johnny-morris,Johnny Morris,FWD,forward,Q280658,Q1773447,wikidata-positions,2026-06-19T14:22:00.646Z
jonathan-clark,Jonathan Clark,MID,midfielder,Q193592,Q6272774,wikidata-positions,2026-06-19T14:22:00.646Z
jonathan-greening,Jonathan Greening,MID,midfielder,Q193592,Q355847,wikidata-positions,2026-06-19T14:22:00.646Z
jonathan-spector,Jonathan Spector,DEF,defender,Q336286,Q161041,wikidata-positions,2026-06-19T14:22:00.646Z
jonny-evans,Jonny Evans,DEF,centre-back,Q268258,Q29495,wikidata-positions,2026-06-19T14:22:00.646Z
jordi-cruijff,Jordi Cruijff,MID,midfielder,Q193592,Q294593,wikidata-positions,2026-06-19T14:22:00.646Z
josh-harrop,Josh Harrop,MID,midfielder,Q193592,Q30006173,wikidata-positions,2026-06-19T14:22:00.646Z
joshua-king,Joshua King,FWD,forward,Q280658,Q436237,wikidata-positions,2026-06-19T14:22:00.646Z
joshua-zirkzee,Joshua Zirkzee,FWD,forward,Q280658,Q65675442,wikidata-positions,2026-06-19T14:22:00.646Z
jose-kleberson,José Kléberson,MID,midfielder,Q193592,Q311035,wikidata-positions,2026-06-19T14:22:00.646Z
juan-mata,Juan Mata,FWD,forward,Q280658,Q168740,wikidata-positions,2026-06-19T14:22:00.646Z
juan-sebastian-veron,Juan Sebastián Verón,MID,midfielder,,Q46502,curated,2026-06-19T14:22:00.646Z
karel-poborsky,Karel Poborský,MID,wing half,Q8025128,Q224033,wikidata-positions,2026-06-19T14:22:00.646Z
keith-gillespie,Keith Gillespie,MID,wing half,Q8025128,Q1366485,wikidata-positions,2026-06-19T14:22:00.646Z
ken-macdonald,Ken MacDonald,FWD,forward,Q280658,Q6388051,wikidata-positions,2026-06-19T14:22:00.646Z
kenny-morgans,Kenny Morgans,FWD,forward,Q280658,Q58331,wikidata-positions,2026-06-19T14:22:00.646Z
kerr-whiteside,Kerr Whiteside,MID,midfielder,Q193592,Q6394331,wikidata-positions,2026-06-19T14:22:00.646Z
kevin-moran,Kevin Moran,DEF,defender,Q336286,Q940663,wikidata-positions,2026-06-19T14:22:00.646Z
kevin-pilkington,Kevin Pilkington,GK,goalkeeper,Q201330,Q6397250,wikidata-positions,2026-06-19T14:22:00.646Z
kieran-lee,Kieran Lee,MID,midfielder,Q193592,Q1278057,wikidata-positions,2026-06-19T14:22:00.646Z
kieran-richardson,Kieran Richardson,MID,wing half,Q8025128,Q309728,wikidata-positions,2026-06-19T14:22:00.646Z
kobbie-mainoo,Kobbie Mainoo,MID,midfielder,Q193592,Q114703020,wikidata-positions,2026-06-19T14:22:00.646Z
lal-hilditch,Lal Hilditch,MID,midfielder,Q193592,Q1370718,wikidata-positions,2026-06-19T14:22:00.646Z
lance-richardson,Lance Richardson,GK,goalkeeper,Q201330,Q6483526,wikidata-positions,2026-06-19T14:22:00.646Z
largie-ramazani,Largie Ramazani,FWD,forward,Q280658,Q76743396,wikidata-positions,2026-06-19T14:22:00.646Z
larnell-cole,Larnell Cole,MID,midfielder,Q193592,Q674513,wikidata-positions,2026-06-19T14:22:00.646Z
laurent-blanc,Laurent Blanc,DEF,centre-back,Q268258,Q1839,wikidata-positions,2026-06-19T14:22:00.646Z
laurie-cassidy,Laurie Cassidy,FWD,inside forward,Q6037916,Q6501531,wikidata-positions,2026-06-19T14:22:00.646Z
laurie-cunningham,Laurie Cunningham,MID,wing half,Q8025128,Q526010,wikidata-positions,2026-06-19T14:22:00.646Z
lawrence-smith,Lawrence Smith,FWD,forward,Q280658,Q6504596,wikidata-positions,2026-06-19T14:22:00.646Z
lee-grant,Lee Grant,GK,goalkeeper,Q201330,Q1605526,wikidata-positions,2026-06-19T14:22:00.646Z
lee-martin,Lee Martin,DEF,defender,Q336286,Q1802999,wikidata-positions,2026-06-19T14:22:00.646Z
lee-martin-2005,Lee Martin,MID,midfielder,Q193592,Q219372,wikidata-positions,2026-06-19T14:22:00.646Z
lee-roche,Lee Roche,DEF,defender,Q336286,Q6514822,wikidata-positions,2026-06-19T14:22:00.646Z
lee-sharpe,Lee Sharpe,MID,midfielder,Q193592,Q706028,wikidata-positions,2026-06-19T14:22:00.646Z
len-bradbury,Len Bradbury,FWD,forward,Q280658,Q6521694,wikidata-positions,2026-06-19T14:22:00.646Z
len-langford,Len Langford,GK,goalkeeper,Q201330,Q6521856,wikidata-positions,2026-06-19T14:22:00.646Z
les-olive,Les Olive,GK,goalkeeper,Q201330,Q6529803,wikidata-positions,2026-06-19T14:22:00.646Z
les-sealey,Les Sealey,GK,goalkeeper,Q201330,Q3436844,wikidata-positions,2026-06-19T14:22:00.646Z
leslie-hofton,Leslie Hofton,DEF,full-back,Q90173132,Q6530891,wikidata-positions,2026-06-19T14:22:00.646Z
leslie-lievesley,Leslie Lievesley,DEF,defender,Q336286,Q3830914,wikidata-positions,2026-06-19T14:22:00.646Z
liam-miller,Liam Miller,MID,midfielder,Q193592,Q464846,wikidata-positions,2026-06-19T14:22:00.646Z
liam-o-brien,Liam O'Brien,MID,midfielder,Q193592,Q1649821,wikidata-positions,2026-06-19T14:22:00.646Z
lisandro-martinez,Lisandro Martínez,DEF,centre-back,Q268258,Q30881092,wikidata-positions,2026-06-19T14:22:00.646Z
lou-macari,Lou Macari,MID,midfielder,Q193592,Q964290,wikidata-positions,2026-06-19T14:22:00.646Z
louis-page,Louis Page,FWD,forward,Q280658,Q8215072,wikidata-positions,2026-06-19T14:22:00.646Z
louis-saha,Louis Saha,FWD,forward,Q280658,Q484968,wikidata-positions,2026-06-19T14:22:00.646Z
luke-chadwick,Luke Chadwick,MID,midfielder,Q193592,Q1877042,wikidata-positions,2026-06-19T14:22:00.646Z
luke-shaw,Luke Shaw,DEF,full-back,Q90173132,Q93563,wikidata-positions,2026-06-19T14:22:00.646Z
mads-timm,Mads Timm,FWD,forward,Q280658,Q1361090,wikidata-positions,2026-06-19T14:22:00.646Z
mal-donaghy,Mal Donaghy,DEF,defender,Q336286,Q648928,wikidata-positions,2026-06-19T14:22:00.646Z
mame-biram-diouf,Mame Biram Diouf,FWD,forward,Q280658,Q19051,wikidata-positions,2026-06-19T14:22:00.646Z
manucho,Manucho,FWD,forward,Q280658,Q309890,wikidata-positions,2026-06-19T14:22:00.646Z
manuel-ugarte,Manuel Ugarte,MID,midfielder,Q193592,Q27960175,wikidata-positions,2026-06-19T14:22:00.646Z
marcel-sabitzer,Marcel Sabitzer,FWD,forward,Q280658,Q472300,wikidata-positions,2026-06-19T14:22:00.646Z
marcos-rojo,Marcos Rojo,DEF,centre-back,Q268258,Q507890,wikidata-positions,2026-06-19T14:22:00.646Z
marcus-rashford,Marcus Rashford,FWD,forward,Q280658,Q22951255,wikidata-positions,2026-06-19T14:22:00.646Z
mark-bosnich,Mark Bosnich,GK,goalkeeper,Q201330,Q350628,wikidata-positions,2026-06-19T14:22:00.646Z
mark-dempsey,Mark Dempsey,MID,midfielder,Q193592,Q6767345,wikidata-positions,2026-06-19T14:22:00.646Z
mark-higgins,Mark Higgins,DEF,defender,Q336286,Q6768033,wikidata-positions,2026-06-19T14:22:00.646Z
mark-hughes,Mark Hughes,FWD,forward,Q280658,Q214513,wikidata-positions,2026-06-19T14:22:00.646Z
mark-jones,Mark Jones,DEF,centre-back,Q268258,Q735017,wikidata-positions,2026-06-19T14:22:00.646Z
mark-lynch,Mark Lynch,DEF,defender,Q336286,Q3436353,wikidata-positions,2026-06-19T14:22:00.646Z
mark-pearson,Mark Pearson,FWD,inside forward,Q6037916,Q6769195,wikidata-positions,2026-06-19T14:22:00.646Z
mark-robins,Mark Robins,FWD,forward,Q280658,Q1900410,wikidata-positions,2026-06-19T14:22:00.646Z
mark-wilson,Mark Wilson,MID,midfielder,Q193592,Q1993337,wikidata-positions,2026-06-19T14:22:00.646Z
marnick-vermijl,Marnick Vermijl,DEF,defender,Q336286,Q2412499,wikidata-positions,2026-06-19T14:22:00.646Z
marouane-fellaini,Marouane Fellaini,MID,midfielder,Q193592,Q275169,wikidata-positions,2026-06-19T14:22:00.646Z
martin-buchan,Martin Buchan,DEF,centre-back,Q268258,Q720947,wikidata-positions,2026-06-19T14:22:00.646Z
martin-dubravka,Martin Dúbravka,GK,goalkeeper,Q201330,Q510401,wikidata-positions,2026-06-19T14:22:00.646Z
martyn-rogers,Martyn Rogers,DEF,full-back,Q90173132,Q6777673,wikidata-positions,2026-06-19T14:22:00.646Z
mason-greenwood,Mason Greenwood,FWD,forward,Q280658,Q61986758,wikidata-positions,2026-06-19T14:22:00.646Z
mason-mount,Mason Mount,MID,attacking midfielder,Q90326494,Q38000669,wikidata-positions,2026-06-19T14:22:00.646Z
massimo-taibi,Massimo Taibi,GK,goalkeeper,Q201330,Q349011,wikidata-positions,2026-06-19T14:22:00.646Z
matt-robinson,Matt Robinson,FWD,forward,Q280658,Q6789252,wikidata-positions,2026-06-19T14:22:00.646Z
matteo-darmian,Matteo Darmian,DEF,centre-back,Q268258,Q44788,wikidata-positions,2026-06-19T14:22:00.646Z
matthew-gillespie,Matthew Gillespie,FWD,forward,Q280658,Q6790558,wikidata-positions,2026-06-19T14:22:00.646Z
matthijs-de-ligt,Matthijs de Ligt,DEF,centre-back,Q268258,Q26259982,wikidata-positions,2026-06-19T14:22:00.646Z
maurice-setters,Maurice Setters,MID,wing half,Q8025128,Q2403344,wikidata-positions,2026-06-19T14:22:00.646Z
memphis-depay,Memphis Depay,FWD,forward,Q280658,Q1894,wikidata-positions,2026-06-19T14:22:00.646Z
michael-appleton,Michael Appleton,MID,midfielder,Q193592,Q6828245,wikidata-positions,2026-06-19T14:22:00.646Z
michael-barnes,Michael Barnes,MID,wing half,Q8025128,Q3355621,wikidata-positions,2026-06-19T14:22:00.646Z
michael-carrick,Michael Carrick,MID,midfielder,Q193592,Q29566,wikidata-positions,2026-06-19T14:22:00.646Z
michael-clegg,Michael Clegg,DEF,full-back,Q90173132,Q363332,wikidata-positions,2026-06-19T14:22:00.646Z
michael-keane,Michael Keane,DEF,centre-back,Q268258,Q80712,wikidata-positions,2026-06-19T14:22:00.646Z
michael-owen,Michael Owen,FWD,forward,Q280658,Q128829,wikidata-positions,2026-06-19T14:22:00.646Z
michael-stewart,Michael Stewart,MID,midfielder,Q193592,Q2552654,wikidata-positions,2026-06-19T14:22:00.646Z
michael-twiss,Michael Twiss,MID,midfielder,Q193592,Q6835001,wikidata-positions,2026-06-19T14:22:00.646Z
mick-martin,Mick Martin,MID,midfielder,Q193592,Q3856904,wikidata-positions,2026-06-19T14:22:00.646Z
mickey-hamill,Mickey Hamill,MID,wing half,Q8025128,Q6838648,wikidata-positions,2026-06-19T14:22:00.646Z
mickey-thomas,Mickey Thomas,MID,wing half,Q8025128,Q1931375,wikidata-positions,2026-06-19T14:22:00.646Z
mikael-silvestre,Mikaël Silvestre,DEF,centre-back,Q268258,Q177343,wikidata-positions,2026-06-19T14:22:00.646Z
mike-duxbury,Mike Duxbury,DEF,defender,Q336286,Q963888,wikidata-positions,2026-06-19T14:22:00.646Z
mike-phelan,Mike Phelan,MID,midfielder,Q193592,Q325580,wikidata-positions,2026-06-19T14:22:00.646Z
mike-pinner,Mike Pinner,GK,goalkeeper,Q201330,Q6848398,wikidata-positions,2026-06-19T14:22:00.646Z
morgan-schneiderlin,Morgan Schneiderlin,MID,midfielder,Q193592,Q1361462,wikidata-positions,2026-06-19T14:22:00.646Z
nani,Nani,FWD,winger,,Q482947,curated,2026-06-19T14:22:00.646Z
neil-dewar,Neil Dewar,FWD,forward,Q280658,Q1974724,wikidata-positions,2026-06-19T14:22:00.646Z
neil-mcbain,Neil McBain,MID,wing half,Q8025128,Q6988946,wikidata-positions,2026-06-19T14:22:00.646Z
neil-webb,Neil Webb,MID,midfielder,Q193592,Q463295,wikidata-positions,2026-06-19T14:22:00.646Z
neil-whitworth,Neil Whitworth,DEF,centre-back,Q268258,Q10410370,wikidata-positions,2026-06-19T14:22:00.646Z
nemanja-matic,Nemanja Matić,MID,defensive midfielder,Q18691898,Q297603,wikidata-positions,2026-06-19T14:22:00.646Z
nemanja-vidic,Nemanja Vidić,DEF,centre-back,Q268258,Q163564,wikidata-positions,2026-06-19T14:22:00.646Z
nick-culkin,Nick Culkin,GK,goalkeeper,Q201330,Q3436224,wikidata-positions,2026-06-19T14:22:00.646Z
nick-powell,Nick Powell,MID,midfielder,Q193592,Q321082,wikidata-positions,2026-06-19T14:22:00.646Z
nicky-butt,Nicky Butt,MID,midfielder,Q193592,Q295506,wikidata-positions,2026-06-19T14:22:00.646Z
nicky-wood,Nicky Wood,FWD,forward,Q280658,Q1985827,wikidata-positions,2026-06-19T14:22:00.646Z
nikola-jovanovic,Nikola Jovanović,DEF,defender,Q336286,Q3876912,wikidata-positions,2026-06-19T14:22:00.646Z
nobby-lawton,Nobby Lawton,FWD,inside forward,Q6037916,Q7045610,wikidata-positions,2026-06-19T14:22:00.646Z
nobby-stiles,Nobby Stiles,MID,midfielder,Q193592,Q344152,wikidata-positions,2026-06-19T14:22:00.646Z
noel-cantwell,Noel Cantwell,DEF,defender,Q336286,Q1995368,wikidata-positions,2026-06-19T14:22:00.646Z
noel-mcfarlane,Noel McFarlane,FWD,forward,Q280658,Q7047101,wikidata-positions,2026-06-19T14:22:00.646Z
norman-tapken,Norman Tapken,GK,goalkeeper,Q201330,Q7052847,wikidata-positions,2026-06-19T14:22:00.646Z
norman-whiteside,Norman Whiteside,MID,midfielder,Q193592,Q380223,wikidata-positions,2026-06-19T14:22:00.646Z
noussair-mazraoui,Noussair Mazraoui,DEF,defender,Q336286,Q26266244,wikidata-positions,2026-06-19T14:22:00.646Z
odion-ighalo,Odion Ighalo,FWD,forward,Q280658,Q928969,wikidata-positions,2026-06-19T14:22:00.646Z
ole-gunnar-solskj-r,Ole Gunnar Solskjær,FWD,forward,,Q18976,curated,2026-06-19T14:22:00.646Z
oscar-linkson,Oscar Linkson,DEF,defender,Q336286,Q3180398,wikidata-positions,2026-06-19T14:22:00.646Z
owen-hargreaves,Owen Hargreaves,MID,midfielder,Q193592,Q437545,wikidata-positions,2026-06-19T14:22:00.646Z
owen-jones,Owen Jones,FWD,forward,Q280658,Q7114531,wikidata-positions,2026-06-19T14:22:00.646Z
paddy-crerand,Paddy Crerand,MID,midfielder,Q193592,Q961378,wikidata-positions,2026-06-19T14:22:00.646Z
paddy-kennedy,Paddy Kennedy,DEF,defender,Q336286,Q7123512,wikidata-positions,2026-06-19T14:22:00.646Z
paddy-mcnair,Paddy McNair,DEF,defender,Q336286,Q18142105,wikidata-positions,2026-06-19T14:22:00.646Z
paddy-roche,Paddy Roche,GK,goalkeeper,Q201330,Q7123614,wikidata-positions,2026-06-19T14:22:00.646Z
park-ji-sung,Park Ji-sung,MID,wing half,Q8025128,Q50603,wikidata-positions,2026-06-19T14:22:00.646Z
pat-dunne,Pat Dunne,GK,goalkeeper,Q201330,Q7143408,wikidata-positions,2026-06-19T14:22:00.646Z
pat-mcgibbon,Pat McGibbon,DEF,centre-back,Q268258,Q3897549,wikidata-positions,2026-06-19T14:22:00.646Z
patrice-evra,Patrice Evra,DEF,full-back,Q90173132,Q1916,wikidata-positions,2026-06-19T14:22:00.646Z
patrick-o-connell,Patrick O'Connell,DEF,defender,Q336286,Q1789802,wikidata-positions,2026-06-19T14:22:00.646Z
paul-bielby,Paul Bielby,MID,wing half,Q8025128,Q7149362,wikidata-positions,2026-06-19T14:22:00.646Z
paul-edwards,Paul Edwards,DEF,defender,Q336286,Q7150461,wikidata-positions,2026-06-19T14:22:00.646Z
paul-ince,Paul Ince,MID,midfielder,Q193592,Q311171,wikidata-positions,2026-06-19T14:22:00.646Z
paul-mcgrath,Paul McGrath,DEF,centre-back,Q268258,Q380200,wikidata-positions,2026-06-19T14:22:00.646Z
paul-parker,Paul Parker,DEF,defender,Q336286,Q769780,wikidata-positions,2026-06-19T14:22:00.646Z
paul-pogba,Paul Pogba,MID,midfielder,Q193592,Q129027,wikidata-positions,2026-06-19T14:22:00.646Z
paul-rachubka,Paul Rachubka,GK,goalkeeper,Q201330,Q2310439,wikidata-positions,2026-06-19T14:22:00.646Z
paul-scholes,Paul Scholes,MID,midfielder,Q193592,Q45613,wikidata-positions,2026-06-19T14:22:00.646Z
paul-tierney,Paul Tierney,DEF,full-back,Q90173132,Q7154016,wikidata-positions,2026-06-19T14:22:00.646Z
paul-wratten,Paul Wratten,MID,midfielder,Q193592,Q7154486,wikidata-positions,2026-06-19T14:22:00.646Z
percy-newton,Percy Newton,DEF,full-back,Q90173132,Q7167498,wikidata-positions,2026-06-19T14:22:00.646Z
percy-schofield,Percy Schofield,FWD,forward,Q280658,Q7167562,wikidata-positions,2026-06-19T14:22:00.646Z
peter-barnes,Peter Barnes,MID,wing half,Q8025128,Q671172,wikidata-positions,2026-06-19T14:22:00.646Z
peter-beardsley,Peter Beardsley,FWD,forward,Q280658,Q344989,wikidata-positions,2026-06-19T14:22:00.646Z
peter-blackmore,Peter Blackmore,FWD,forward,Q280658,Q1686640,wikidata-positions,2026-06-19T14:22:00.646Z
peter-coyne,Peter Coyne,FWD,forward,Q280658,Q7173430,wikidata-positions,2026-06-19T14:22:00.646Z
peter-davenport,Peter Davenport,MID,midfielder,Q193592,Q1334416,wikidata-positions,2026-06-19T14:22:00.646Z
peter-fletcher,Peter Fletcher,FWD,forward,Q280658,Q7174012,wikidata-positions,2026-06-19T14:22:00.646Z
peter-jones,Peter Jones,DEF,defender,Q336286,Q7175033,wikidata-positions,2026-06-19T14:22:00.646Z
peter-schmeichel,Peter Schmeichel,GK,goalkeeper,Q201330,Q182314,wikidata-positions,2026-06-19T14:22:00.646Z
phil-bardsley,Phil Bardsley,DEF,full-back,Q90173132,Q69965,wikidata-positions,2026-06-19T14:22:00.646Z
phil-chisnall,Phil Chisnall,FWD,inside forward,Q6037916,Q3378748,wikidata-positions,2026-06-19T14:22:00.646Z
phil-jones,Phil Jones,DEF,defender,Q336286,Q206641,wikidata-positions,2026-06-19T14:22:00.646Z
phil-marsh,Phil Marsh,FWD,forward,Q280658,Q4411324,wikidata-positions,2026-06-19T14:22:00.646Z
phil-mulryne,Phil Mulryne,MID,midfielder,Q193592,Q7184113,wikidata-positions,2026-06-19T14:22:00.646Z
phil-neville,Phil Neville,DEF,defender,Q336286,Q218063,wikidata-positions,2026-06-19T14:22:00.646Z
proctor-hall,Proctor Hall,FWD,inside forward,Q6037916,Q7247521,wikidata-positions,2026-06-19T14:22:00.646Z
quinton-fortune,Quinton Fortune,MID,midfielder,Q193592,Q334564,wikidata-positions,2026-06-19T14:22:00.646Z
radamel-falcao,Radamel Falcao,FWD,forward,Q280658,Q138172,wikidata-positions,2026-06-19T14:22:00.646Z
rafael,Rafael,MID,wing half,Q8025128,Q189184,wikidata-positions,2026-06-19T14:22:00.646Z
raimond-van-der-gouw,Raimond van der Gouw,GK,goalkeeper,Q201330,Q942051,wikidata-positions,2026-06-19T14:22:00.646Z
ralph-gaudie,Ralph Gaudie,FWD,forward,Q280658,Q7287529,wikidata-positions,2026-06-19T14:22:00.646Z
ralph-milne,Ralph Milne,MID,wing half,Q8025128,Q3929795,wikidata-positions,2026-06-19T14:22:00.646Z
raphael-varane,Raphaël Varane,DEF,centre-back,Q268258,Q489039,wikidata-positions,2026-06-19T14:22:00.646Z
rasmus-h-jlund,Rasmus Højlund,FWD,forward,Q280658,Q66467324,wikidata-positions,2026-06-19T14:22:00.646Z
ravel-morrison,Ravel Morrison,MID,midfielder,Q193592,Q642785,wikidata-positions,2026-06-19T14:22:00.646Z
ray-bennion,Ray Bennion,DEF,defender,Q336286,Q3436446,wikidata-positions,2026-06-19T14:22:00.646Z
ray-wilkins,Ray Wilkins,MID,midfielder,Q193592,Q352820,wikidata-positions,2026-06-19T14:22:00.646Z
ray-wood,Ray Wood,GK,goalkeeper,Q201330,Q1777890,wikidata-positions,2026-06-19T14:22:00.646Z
reece-james,Reece James,DEF,full-back,Q90173132,Q39076401,wikidata-positions,2026-06-19T14:22:00.646Z
rees-williams,Rees Williams,FWD,forward,Q280658,Q7306974,wikidata-positions,2026-06-19T14:22:00.646Z
reg-allen,Reg Allen,GK,goalkeeper,Q201330,Q616277,wikidata-positions,2026-06-19T14:22:00.646Z
reg-chester,Reg Chester,FWD,forward,Q280658,Q7307746,wikidata-positions,2026-06-19T14:22:00.646Z
reg-halton,Reg Halton,MID,wing half,Q8025128,Q7307788,wikidata-positions,2026-06-19T14:22:00.646Z
reg-hunter,Reg Hunter,FWD,forward,Q280658,Q7307801,wikidata-positions,2026-06-19T14:22:00.646Z
reg-lawson,Reg Lawson,FWD,forward,Q280658,Q7307814,wikidata-positions,2026-06-19T14:22:00.646Z
regan-poole,Regan Poole,DEF,defender,Q336286,Q18169400,wikidata-positions,2026-06-19T14:22:00.646Z
remi-moses,Remi Moses,MID,midfielder,Q193592,Q4299645,wikidata-positions,2026-06-19T14:22:00.646Z
ricardo,Ricardo,GK,goalkeeper,Q201330,Q442911,wikidata-positions,2026-06-19T14:22:00.646Z
richard-eckersley,Richard Eckersley,DEF,defender,Q336286,Q456104,wikidata-positions,2026-06-19T14:22:00.646Z
richard-gibson,Richard Gibson,MID,wing half,Q8025128,Q7325922,wikidata-positions,2026-06-19T14:22:00.646Z
richard-iddon,Richard Iddon,FWD,forward,Q280658,Q7326667,wikidata-positions,2026-06-19T14:22:00.646Z
richie-wellens,Richie Wellens,MID,midfielder,Q193592,Q81356,wikidata-positions,2026-06-19T14:22:00.646Z
rimmer-brown,Rimmer Brown,FWD,forward,Q280658,Q7334481,wikidata-positions,2026-06-19T14:22:00.646Z
rio-ferdinand,Rio Ferdinand,DEF,centre-back,Q268258,Q483417,wikidata-positions,2026-06-19T14:22:00.646Z
ritchie-de-laet,Ritchie De Laet,DEF,full-back,Q90173132,Q309781,wikidata-positions,2026-06-19T14:22:00.646Z
ritchie-jones,Ritchie Jones,MID,midfielder,Q193592,Q3057417,wikidata-positions,2026-06-19T14:22:00.646Z
robbie-brady,Robbie Brady,MID,midfielder,Q193592,Q45538,wikidata-positions,2026-06-19T14:22:00.646Z
robert-murray,Robert Murray,FWD,forward,Q280658,Q7347888,wikidata-positions,2026-06-19T14:22:00.646Z
robert-roberts,Robert Roberts,DEF,defender,Q336286,Q7349317,wikidata-positions,2026-06-19T14:22:00.646Z
robert-stephenson,Robert Stephenson,FWD,forward,Q280658,Q54865112,wikidata-positions,2026-06-19T14:22:00.646Z
robert-turner,Robert Turner,DEF,full-back,Q90173132,Q7350507,wikidata-positions,2026-06-19T14:22:00.646Z
robin-van-persie,Robin van Persie,FWD,forward,Q280658,Q2339,wikidata-positions,2026-06-19T14:22:00.646Z
rodrigo-possebon,Rodrigo Possebon,MID,midfielder,Q193592,Q322691,wikidata-positions,2026-06-19T14:22:00.646Z
roger-byrne,Roger Byrne,DEF,full-back,Q90173132,Q344862,wikidata-positions,2026-06-19T14:22:00.646Z
roger-doughty,Roger Doughty,FWD,forward,Q280658,Q4155306,wikidata-positions,2026-06-19T14:22:00.646Z
romelu-lukaku,Romelu Lukaku,FWD,forward,Q280658,Q313316,wikidata-positions,2026-06-19T14:22:00.646Z
ron-davies,Ron Davies,FWD,forward,Q280658,Q2421698,wikidata-positions,2026-06-19T14:22:00.646Z
ron-ferrier,Ron Ferrier,FWD,forward,Q280658,Q7363760,wikidata-positions,2026-06-19T14:22:00.646Z
ronnie-briggs,Ronnie Briggs,GK,goalkeeper,Q201330,Q7365808,wikidata-positions,2026-06-19T14:22:00.646Z
ronnie-burke,Ronnie Burke,FWD,forward,Q280658,Q7365818,wikidata-positions,2026-06-19T14:22:00.646Z
ronnie-cope,Ronnie Cope,MID,midfielder,Q193592,Q4236424,wikidata-positions,2026-06-19T14:22:00.646Z
ronnie-wallwork,Ronnie Wallwork,DEF,defender,Q336286,Q518043,wikidata-positions,2026-06-19T14:22:00.646Z
ronny-johnsen,Ronny Johnsen,DEF,defender,Q336286,Q381460,wikidata-positions,2026-06-19T14:22:00.646Z
roy-carroll,Roy Carroll,GK,goalkeeper,Q201330,Q258824,wikidata-positions,2026-06-19T14:22:00.646Z
roy-john,Roy John,GK,goalkeeper,Q201330,Q7373003,wikidata-positions,2026-06-19T14:22:00.646Z
roy-keane,Roy Keane,MID,midfielder,Q193592,Q188632,wikidata-positions,2026-06-19T14:22:00.646Z
russell-beardsmore,Russell Beardsmore,MID,midfielder,Q193592,Q3942881,wikidata-positions,2026-06-19T14:22:00.646Z
ruud-van-nistelrooy,Ruud van Nistelrooy,FWD,forward,Q280658,Q45626,wikidata-positions,2026-06-19T14:22:00.646Z
ryan-giggs,Ryan Giggs,MID,midfielder,Q193592,Q10524,wikidata-positions,2026-06-19T14:22:00.646Z
ryan-shawcross,Ryan Shawcross,DEF,centre-back,Q268258,Q247462,wikidata-positions,2026-06-19T14:22:00.646Z
ryan-tunnicliffe,Ryan Tunnicliffe,MID,midfielder,Q193592,Q852315,wikidata-positions,2026-06-19T14:22:00.646Z
saidy-janko,Saidy Janko,DEF,full-back,Q90173132,Q17619317,wikidata-positions,2026-06-19T14:22:00.646Z
sam-blott,Sam Blott,FWD,forward,Q280658,Q7407195,wikidata-positions,2026-06-19T14:22:00.646Z
sam-cookson,Sam Cookson,DEF,defender,Q336286,Q2218103,wikidata-positions,2026-06-19T14:22:00.646Z
sammy-lynn,Sammy Lynn,DEF,defender,Q336286,Q7409795,wikidata-positions,2026-06-19T14:22:00.646Z
sammy-mcilroy,Sammy McIlroy,MID,midfielder,Q193592,Q552248,wikidata-positions,2026-06-19T14:22:00.646Z
sammy-mcmillan,Sammy McMillan,FWD,forward,Q280658,Q7409800,wikidata-positions,2026-06-19T14:22:00.646Z
samuel-hopkinson,Samuel Hopkinson,FWD,forward,Q280658,Q7411729,wikidata-positions,2026-06-19T14:22:00.646Z
samuel-johnson,Samuel Johnson,FWD,inside forward,Q6037916,Q10455114,wikidata-positions,2026-06-19T14:22:00.646Z
samuel-parker,Samuel Parker,FWD,forward,Q280658,Q7412352,wikidata-positions,2026-06-19T14:22:00.646Z
sandy-robertson,Sandy Robertson,FWD,forward,Q280658,Q7417453,wikidata-positions,2026-06-19T14:22:00.646Z
sandy-turnbull,Sandy Turnbull,FWD,inside forward,Q6037916,Q1697963,wikidata-positions,2026-06-19T14:22:00.646Z
scott-mcgarvey,Scott McGarvey,FWD,forward,Q280658,Q7436814,wikidata-positions,2026-06-19T14:22:00.646Z
scott-mctominay,Scott McTominay,MID,midfielder,Q193592,Q29624459,wikidata-positions,2026-06-19T14:22:00.646Z
scott-wootton,Scott Wootton,DEF,defender,Q336286,Q2261127,wikidata-positions,2026-06-19T14:22:00.646Z
sergio-reguilon,Sergio Reguilón,DEF,defender,Q336286,Q24258610,wikidata-positions,2026-06-19T14:22:00.646Z
sergio-romero,Sergio Romero,GK,goalkeeper,Q201330,Q215463,wikidata-positions,2026-06-19T14:22:00.646Z
shay-brennan,Shay Brennan,DEF,full-back,Q90173132,Q1336611,wikidata-positions,2026-06-19T14:22:00.646Z
shinji-kagawa,Shinji Kagawa,MID,midfielder,Q193592,Q154708,wikidata-positions,2026-06-19T14:22:00.646Z
shola-shoretire,Shola Shoretire,FWD,forward,Q280658,Q105622926,wikidata-positions,2026-06-19T14:22:00.646Z
sidney-evans,Sidney Evans,FWD,forward,Q280658,Q7509044,wikidata-positions,2026-06-19T14:22:00.646Z
simon-davies,Simon Davies,MID,midfielder,Q193592,Q3961116,wikidata-positions,2026-06-19T14:22:00.646Z
sofyan-amrabat,Sofyan Amrabat,MID,midfielder,Q193592,Q18428483,wikidata-positions,2026-06-19T14:22:00.646Z
sonny-feehan,Sonny Feehan,GK,goalkeeper,Q201330,Q7562037,wikidata-positions,2026-06-19T14:22:00.646Z
stan-crowther,Stan Crowther,MID,wing half,Q8025128,Q7597603,wikidata-positions,2026-06-19T14:22:00.646Z
stan-pearson,Stan Pearson,FWD,inside forward,Q6037916,Q1392238,wikidata-positions,2026-06-19T14:22:00.646Z
stanley-gallimore,Stanley Gallimore,FWD,forward,Q280658,Q7599618,wikidata-positions,2026-06-19T14:22:00.646Z
stephen-pears,Stephen Pears,GK,goalkeeper,Q201330,Q7610218,wikidata-positions,2026-06-19T14:22:00.646Z
stephen-preston,Stephen Preston,FWD,forward,Q280658,Q7610284,wikidata-positions,2026-06-19T14:22:00.646Z
steve-bruce,Steve Bruce,DEF,centre-back,Q268258,Q331904,wikidata-positions,2026-06-19T14:22:00.646Z
steve-coppell,Steve Coppell,FWD,winger,,Q438005,curated,2026-06-19T14:22:00.646Z
steve-james,Steve James,DEF,defender,Q336286,Q3973438,wikidata-positions,2026-06-19T14:22:00.646Z
steve-paterson,Steve Paterson,DEF,defender,Q336286,Q3973379,wikidata-positions,2026-06-19T14:22:00.646Z
stewart-chalmers,Stewart Chalmers,FWD,inside forward,Q6037916,Q7615746,wikidata-positions,2026-06-19T14:22:00.646Z
stewart-houston,Stewart Houston,DEF,full-back,Q90173132,Q722580,wikidata-positions,2026-06-19T14:22:00.646Z
stockport-smith,Stockport Smith,FWD,inside forward,Q6037916,Q8018549,wikidata-positions,2026-06-19T14:22:00.646Z
stuart-pearson,Stuart Pearson,FWD,forward,Q280658,Q716239,wikidata-positions,2026-06-19T14:22:00.646Z
syd-tyler,Syd Tyler,DEF,full-back,Q90173132,Q7659733,wikidata-positions,2026-06-19T14:22:00.646Z
sylvan-ebanks-blake,Sylvan Ebanks-Blake,FWD,forward,Q280658,Q326293,wikidata-positions,2026-06-19T14:22:00.646Z
tahith-chong,Tahith Chong,FWD,winger,Q11681748,Q24961840,wikidata-positions,2026-06-19T14:22:00.646Z
ted-buckle,Ted Buckle,FWD,forward,Q280658,Q4075958,wikidata-positions,2026-06-19T14:22:00.646Z
ted-connor,Ted Connor,FWD,inside forward,Q6037916,Q7693081,wikidata-positions,2026-06-19T14:22:00.646Z
ted-dalton,Ted Dalton,DEF,defender,Q336286,Q7693116,wikidata-positions,2026-06-19T14:22:00.646Z
ted-macdougall,Ted MacDougall,FWD,forward,Q280658,Q3517038,wikidata-positions,2026-06-19T14:22:00.646Z
ted-savage,Ted Savage,MID,wing half,Q8025128,Q16079071,wikidata-positions,2026-06-19T14:22:00.646Z
teddy-partridge,Teddy Partridge,FWD,forward,Q280658,Q7694069,wikidata-positions,2026-06-19T14:22:00.646Z
teddy-sheringham,Teddy Sheringham,FWD,forward,Q280658,Q234576,wikidata-positions,2026-06-19T14:22:00.646Z
teden-mengi,Teden Mengi,DEF,defender,Q336286,Q97059685,wikidata-positions,2026-06-19T14:22:00.646Z
terry-cooke,Terry Cooke,MID,midfielder,Q193592,Q2035891,wikidata-positions,2026-06-19T14:22:00.646Z
terry-gibson,Terry Gibson,FWD,forward,Q280658,Q5758435,wikidata-positions,2026-06-19T14:22:00.646Z
thomas-mcnulty,Thomas McNulty,DEF,defender,Q336286,Q7792352,wikidata-positions,2026-06-19T14:22:00.646Z
thomas-parker,Thomas Parker,MID,midfielder,Q193592,Q7793017,wikidata-positions,2026-06-19T14:22:00.646Z
thomas-sawyer,Thomas Sawyer,FWD,forward,Q280658,Q49819624,wikidata-positions,2026-06-19T14:22:00.646Z
tim-howard,Tim Howard,GK,goalkeeper,Q201330,Q200785,wikidata-positions,2026-06-19T14:22:00.646Z
timothy-fosu-mensah,Timothy Fosu-Mensah,DEF,defender,Q336286,Q22969552,wikidata-positions,2026-06-19T14:22:00.646Z
tom-burke,Tom Burke,MID,midfielder,Q193592,Q1529691,wikidata-positions,2026-06-19T14:22:00.646Z
tom-chorlton,Tom Chorlton,DEF,defender,Q336286,Q278058,wikidata-positions,2026-06-19T14:22:00.646Z
tom-cleverley,Tom Cleverley,MID,midfielder,Q193592,Q10577,wikidata-positions,2026-06-19T14:22:00.646Z
tom-connell,Tom Connell,DEF,full-back,Q90173132,Q7815383,wikidata-positions,2026-06-19T14:22:00.646Z
tom-harris,Tom Harris,FWD,forward,Q280658,Q7816103,wikidata-positions,2026-06-19T14:22:00.646Z
tom-hay,Tom Hay,GK,goalkeeper,Q201330,Q7816125,wikidata-positions,2026-06-19T14:22:00.646Z
tom-heaton,Tom Heaton,GK,goalkeeper,Q201330,Q357912,wikidata-positions,2026-06-19T14:22:00.646Z
tom-homer,Tom Homer,FWD,forward,Q280658,Q7816224,wikidata-positions,2026-06-19T14:22:00.646Z
tom-jones,Tom Jones,DEF,full-back,Q90173132,Q1587265,wikidata-positions,2026-06-19T14:22:00.646Z
tom-lawrence,Tom Lawrence,FWD,forward,Q280658,Q16236289,wikidata-positions,2026-06-19T14:22:00.646Z
tom-manley,Tom Manley,FWD,inside forward,,Q4309850,curated,2026-06-19T14:22:00.646Z
tom-manns,Tom Manns,DEF,full-back,Q90173132,Q7816708,wikidata-positions,2026-06-19T14:22:00.646Z
tom-miller,Tom Miller,FWD,forward,Q280658,Q3437225,wikidata-positions,2026-06-19T14:22:00.646Z
tom-nuttall,Tom Nuttall,FWD,inside forward,Q6037916,Q7817067,wikidata-positions,2026-06-19T14:22:00.646Z
tom-sloan,Tom Sloan,MID,midfielder,Q193592,Q10448583,wikidata-positions,2026-06-19T14:22:00.646Z
tom-smith,Tom Smith,FWD,inside forward,Q6037916,Q7817626,wikidata-positions,2026-06-19T14:22:00.646Z
tom-thorpe,Tom Thorpe,DEF,defender,Q336286,Q3525612,wikidata-positions,2026-06-19T14:22:00.646Z
tom-wilcox,Tom Wilcox,GK,goalkeeper,Q201330,Q7818050,wikidata-positions,2026-06-19T14:22:00.646Z
tomasz-kuszczak,Tomasz Kuszczak,GK,goalkeeper,Q201330,Q484766,wikidata-positions,2026-06-19T14:22:00.646Z
tommy-arkesden,Tommy Arkesden,FWD,forward,Q280658,Q7819183,wikidata-positions,2026-06-19T14:22:00.646Z
tommy-baldwin,Tommy Baldwin,FWD,forward,Q280658,Q5485914,wikidata-positions,2026-06-19T14:22:00.646Z
tommy-bamford,Tommy Bamford,FWD,forward,Q280658,Q4101408,wikidata-positions,2026-06-19T14:22:00.646Z
tommy-blackstock,Tommy Blackstock,DEF,defender,Q336286,Q3374549,wikidata-positions,2026-06-19T14:22:00.646Z
tommy-bogan,Tommy Bogan,MID,wing half,Q8025128,Q7819232,wikidata-positions,2026-06-19T14:22:00.646Z
tommy-boyle,Tommy Boyle,FWD,inside forward,Q6037916,Q7819242,wikidata-positions,2026-06-19T14:22:00.646Z
tommy-breen,Tommy Breen,GK,goalkeeper,Q201330,Q3992887,wikidata-positions,2026-06-19T14:22:00.646Z
tommy-dougan,Tommy Dougan,FWD,forward,Q280658,Q7819366,wikidata-positions,2026-06-19T14:22:00.646Z
tommy-fitzsimmons,Tommy Fitzsimmons,FWD,forward,Q280658,Q16066729,wikidata-positions,2026-06-19T14:22:00.646Z
tommy-frame,Tommy Frame,DEF,defender,Q336286,Q7819421,wikidata-positions,2026-06-19T14:22:00.646Z
tommy-gipps,Tommy Gipps,MID,midfielder,Q193592,Q7819443,wikidata-positions,2026-06-19T14:22:00.646Z
tommy-heron,Tommy Heron,DEF,full-back,Q90173132,Q7819520,wikidata-positions,2026-06-19T14:22:00.646Z
tommy-jackson,Tommy Jackson,MID,midfielder,Q193592,Q7819558,wikidata-positions,2026-06-19T14:22:00.646Z
tommy-jones,Tommy Jones,FWD,forward,Q280658,Q7819582,wikidata-positions,2026-06-19T14:22:00.646Z
tommy-lang,Tommy Lang,FWD,forward,Q280658,Q7819607,wikidata-positions,2026-06-19T14:22:00.646Z
tommy-leigh,Tommy Leigh,FWD,forward,Q280658,Q2439810,wikidata-positions,2026-06-19T14:22:00.646Z
tommy-lowrie,Tommy Lowrie,DEF,defender,Q336286,Q7819642,wikidata-positions,2026-06-19T14:22:00.646Z
tommy-meehan,Tommy Meehan,MID,wing half,Q8025128,Q7819697,wikidata-positions,2026-06-19T14:22:00.646Z
tommy-morrison,Tommy Morrison,FWD,forward,Q280658,Q7819720,wikidata-positions,2026-06-19T14:22:00.646Z
tommy-o-neil,Tommy O'Neil,DEF,full-back,Q90173132,Q7819758,wikidata-positions,2026-06-19T14:22:00.646Z
tommy-reid,Tommy Reid,FWD,forward,Q280658,Q4394449,wikidata-positions,2026-06-19T14:22:00.646Z
tommy-robertson,Tommy Robertson,MID,wing half,Q8025128,Q10380998,wikidata-positions,2026-06-19T14:22:00.646Z
tommy-taylor,Tommy Taylor,FWD,forward,Q280658,Q219350,wikidata-positions,2026-06-19T14:22:00.646Z
tommy-wilson,Tommy Wilson,FWD,forward,Q280658,Q7820013,wikidata-positions,2026-06-19T14:22:00.646Z
tony-donnelly,Tony Donnelly,DEF,full-back,Q90173132,Q7822247,wikidata-positions,2026-06-19T14:22:00.646Z
tony-dunne,Tony Dunne,DEF,full-back,Q90173132,Q2719796,wikidata-positions,2026-06-19T14:22:00.646Z
tony-gill,Tony Gill,MID,midfielder,Q193592,Q7822435,wikidata-positions,2026-06-19T14:22:00.646Z
tony-grimshaw,Tony Grimshaw,DEF,full-back,Q90173132,Q7822495,wikidata-positions,2026-06-19T14:22:00.646Z
tony-hawksworth,Tony Hawksworth,GK,goalkeeper,Q201330,Q7822546,wikidata-positions,2026-06-19T14:22:00.646Z
tony-young,Tony Young,DEF,defender,Q336286,Q7823718,wikidata-positions,2026-06-19T14:22:00.646Z
trevor-anderson,Trevor Anderson,FWD,forward,Q280658,Q2451323,wikidata-positions,2026-06-19T14:22:00.646Z
tyler-blackett,Tyler Blackett,DEF,defender,Q336286,Q15149801,wikidata-positions,2026-06-19T14:22:00.646Z
tyler-fletcher,Tyler Fletcher,MID,midfielder,Q193592,Q137384640,wikidata-positions,2026-06-19T14:22:00.646Z
tyrell-malacia,Tyrell Malacia,DEF,full-back,Q90173132,Q44845374,wikidata-positions,2026-06-19T14:22:00.646Z
victor-lindelof,Victor Lindelöf,DEF,defender,Q336286,Q4125587,wikidata-positions,2026-06-19T14:22:00.646Z
vince-hayes,Vince Hayes,DEF,defender,Q336286,Q387620,wikidata-positions,2026-06-19T14:22:00.646Z
viv-anderson,Viv Anderson,DEF,defender,Q336286,Q357281,wikidata-positions,2026-06-19T14:22:00.646Z
victor-valdes,Víctor Valdés,GK,goalkeeper,Q201330,Q47548,wikidata-positions,2026-06-19T14:22:00.646Z
walter-cartwright,Walter Cartwright,MID,midfielder,Q193592,Q3436423,wikidata-positions,2026-06-19T14:22:00.646Z
walter-spratt,Walter Spratt,DEF,full-back,Q90173132,Q7966177,wikidata-positions,2026-06-19T14:22:00.646Z
walter-taylor,Walter Taylor,FWD,forward,Q280658,Q7966265,wikidata-positions,2026-06-19T14:22:00.646Z
walter-whitehurst,Walter Whitehurst,MID,wing half,Q8025128,Q7966406,wikidata-positions,2026-06-19T14:22:00.646Z
walter-whittaker,Walter Whittaker,GK,goalkeeper,Q201330,Q7966412,wikidata-positions,2026-06-19T14:22:00.646Z
walter-winterbottom,Walter Winterbottom,MID,midfielder,Q193592,Q531168,wikidata-positions,2026-06-19T14:22:00.646Z
warren-bradley,Warren Bradley,FWD,winger,,Q10383027,curated,2026-06-19T14:22:00.646Z
wayne-rooney,Wayne Rooney,FWD,forward,Q280658,Q266613,wikidata-positions,2026-06-19T14:22:00.646Z
wes-brown,Wes Brown,DEF,centre-back,Q268258,Q83756,wikidata-positions,2026-06-19T14:22:00.646Z
wilf-mcguinness,Wilf McGuinness,MID,wing half,Q8025128,Q2006716,wikidata-positions,2026-06-19T14:22:00.646Z
wilf-tranter,Wilf Tranter,MID,midfielder,Q193592,Q8001691,wikidata-positions,2026-06-19T14:22:00.646Z
wilf-woodcock,Wilf Woodcock,FWD,forward,Q280658,Q8001696,wikidata-positions,2026-06-19T14:22:00.646Z
wilfred-lievesley,Wilfred Lievesley,FWD,forward,Q280658,Q10454640,wikidata-positions,2026-06-19T14:22:00.646Z
wilfried-zaha,Wilfried Zaha,MID,wing half,Q8025128,Q713711,wikidata-positions,2026-06-19T14:22:00.646Z
will-davidson,Will Davidson,MID,midfielder,Q193592,Q8002777,wikidata-positions,2026-06-19T14:22:00.646Z
will-keane,Will Keane,FWD,forward,Q280658,Q723565,wikidata-positions,2026-06-19T14:22:00.646Z
william-booth,William Booth,FWD,forward,Q280658,Q1675860,wikidata-positions,2026-06-19T14:22:00.646Z
william-brooks,William Brooks,FWD,forward,Q280658,Q8005985,wikidata-positions,2026-06-19T14:22:00.646Z
william-bryant,William Bryant,FWD,forward,Q280658,Q1587351,wikidata-positions,2026-06-19T14:22:00.646Z
william-bunce,William Bunce,DEF,defender,Q336286,Q8006132,wikidata-positions,2026-06-19T14:22:00.646Z
william-campbell,William Campbell,FWD,forward,Q280658,Q8006498,wikidata-positions,2026-06-19T14:22:00.646Z
william-douglas,William Douglas,GK,goalkeeper,Q201330,Q8007933,wikidata-positions,2026-06-19T14:22:00.646Z
william-dunn,William Dunn,FWD,forward,Q280658,Q8008132,wikidata-positions,2026-06-19T14:22:00.646Z
william-gyves,William Gyves,GK,goalkeeper,Q201330,Q8010304,wikidata-positions,2026-06-19T14:22:00.646Z
william-hartwell,William Hartwell,FWD,forward,Q280658,Q8010980,wikidata-positions,2026-06-19T14:22:00.646Z
william-hunter,William Hunter,FWD,forward,Q280658,Q8012691,wikidata-positions,2026-06-19T14:22:00.646Z
william-jackson,William Jackson,FWD,forward,Q280658,Q8013397,wikidata-positions,2026-06-19T14:22:00.646Z
william-kennedy,William Kennedy,FWD,inside forward,Q6037916,Q8013930,wikidata-positions,2026-06-19T14:22:00.646Z
william-longair,William Longair,MID,midfielder,Q193592,Q8014680,wikidata-positions,2026-06-19T14:22:00.646Z
william-mathieson,William Mathieson,FWD,forward,Q280658,Q8015230,wikidata-positions,2026-06-19T14:22:00.646Z
william-mccartney,William McCartney,FWD,inside forward,Q6037916,Q4910083,wikidata-positions,2026-06-19T14:22:00.646Z
william-prunier,William Prunier,DEF,defender,Q336286,Q2298698,wikidata-positions,2026-06-19T14:22:00.646Z
william-robertson,William Robertson,MID,wing half,Q8025128,Q8017667,wikidata-positions,2026-06-19T14:22:00.646Z
william-sarvis,William Sarvis,FWD,inside forward,Q6037916,Q8018129,wikidata-positions,2026-06-19T14:22:00.646Z
william-sharpe,William Sharpe,FWD,forward,Q280658,Q8018331,wikidata-positions,2026-06-19T14:22:00.646Z
william-stewart,William Stewart,MID,wing half,Q8025128,Q8018836,wikidata-positions,2026-06-19T14:22:00.646Z
william-thompson,William Thompson,MID,wing half,Q8025128,Q16886115,wikidata-positions,2026-06-19T14:22:00.646Z
william-yates,William Yates,FWD,inside forward,Q6037916,Q8020658,wikidata-positions,2026-06-19T14:22:00.646Z
willie-anderson,Willie Anderson,MID,wing half,Q8025128,Q4020061,wikidata-positions,2026-06-19T14:22:00.646Z
willie-mcdonald,Willie McDonald,FWD,inside forward,Q6037916,Q8021673,wikidata-positions,2026-06-19T14:22:00.646Z
willie-morgan,Willie Morgan,FWD,winger,,Q2618161,curated,2026-06-19T14:22:00.646Z
willie-stewart,Willie Stewart,DEF,defender,Q336286,Q4271676,wikidata-positions,2026-06-19T14:22:00.646Z
willie-watson,Willie Watson,DEF,defender,Q336286,Q1925120,wikidata-positions,2026-06-19T14:22:00.646Z
willy-kambwala,Willy Kambwala,DEF,centre-back,Q268258,Q116821409,wikidata-positions,2026-06-19T14:22:00.646Z
wilson-greenwood,Wilson Greenwood,FWD,forward,Q280658,Q8023069,wikidata-positions,2026-06-19T14:22:00.646Z
wout-weghorst,Wout Weghorst,FWD,forward,Q280658,Q2210473,wikidata-positions,2026-06-19T14:22:00.646Z
wyn-davies,Wyn Davies,FWD,forward,Q280658,Q8040064,wikidata-positions,2026-06-19T14:22:00.646Z
zeki-fryers,Zeki Fryers,DEF,full-back,Q90173132,Q511997,wikidata-positions,2026-06-19T14:22:00.646Z
zidane-iqbal,Zidane Iqbal,MID,midfielder,Q193592,Q107882685,wikidata-positions,2026-06-19T14:22:00.646Z
zlatan-ibrahimovic,Zlatan Ibrahimović,FWD,forward,Q280658,Q46896,wikidata-positions,2026-06-19T14:22:00.646Z
zoran-tosic,Zoran Tošić,MID,midfielder,Q193592,Q211596,wikidata-positions,2026-06-19T14:22:00.646Z
angel-di-maria,Ángel Di María,MID,wing half,Q8025128,Q251683,wikidata-positions,2026-06-19T14:22:00.646Z
